需求,Relation,需求
我需要无人机能够在污染源周围飞行，并搭载气体传感器,RelatedTo,我希望无人机能够搭载专业摄像设备
我需要无人机能够在污染源周围飞行，并搭载气体传感器,RelatedTo,我希望无人机能够在海洋环境中飞行
我需要无人机能够在污染源周围飞行，并搭载气体传感器,RelatedTo,我需要无人机具备防水功能
我需要无人机能够在污染源周围飞行，并搭载气体传感器,RelatedTo,我希望无人机能够支持实时监控
我需要无人机能够在污染源周围飞行，并搭载气体传感器,RelatedTo,我希望无人机具备长时间巡航能力
我需要无人机能够在污染源周围飞行，并搭载气体传感器,RelatedTo,我需要无人机能够检测环境污染
我需要无人机能够在污染源周围飞行，并搭载气体传感器,RelatedTo,我希望无人机能够进行夜间飞行
我需要无人机能够在污染源周围飞行，并搭载气体传感器,RelatedTo,我需要无人机具备障碍物避让功能
我需要无人机能够在污染源周围飞行，并搭载气体传感器,RelatedTo,我希望无人机能够在复杂地形中飞行
我需要无人机能够在污染源周围飞行，并搭载气体传感器,RelatedTo,我需要无人机能够在恶劣气候条件下运行
我希望无人机能够进行地形测量，并搭载全球定位系统,RelatedTo,我希望无人机能够搭载专业摄像设备
我希望无人机能够进行地形测量，并搭载全球定位系统,RelatedTo,我希望无人机能够在海洋环境中飞行
我希望无人机能够进行地形测量，并搭载全球定位系统,RelatedTo,我需要无人机具备防水功能
我希望无人机能够进行地形测量，并搭载全球定位系统,RelatedTo,我希望无人机能够支持实时监控
我希望无人机能够进行地形测量，并搭载全球定位系统,RelatedTo,我希望无人机具备长时间巡航能力
我希望无人机能够进行地形测量，并搭载全球定位系统,RelatedTo,我需要无人机能够检测环境污染
我希望无人机能够进行地形测量，并搭载全球定位系统,RelatedTo,我希望无人机能够进行夜间飞行
我希望无人机能够进行地形测量，并搭载全球定位系统,RelatedTo,我需要无人机具备障碍物避让功能
我希望无人机能够进行地形测量，并搭载全球定位系统,RelatedTo,我希望无人机能够在复杂地形中飞行
我希望无人机能够进行地形测量，并搭载全球定位系统,RelatedTo,我需要无人机能够在恶劣气候条件下运行
我需要无人机能够低空飞行，并具备高分辨率摄像功能,RelatedTo,我希望无人机能够搭载专业摄像设备
我需要无人机能够低空飞行，并具备高分辨率摄像功能,RelatedTo,我希望无人机能够在海洋环境中飞行
我需要无人机能够低空飞行，并具备高分辨率摄像功能,RelatedTo,我需要无人机具备防水功能
我需要无人机能够低空飞行，并具备高分辨率摄像功能,RelatedTo,我希望无人机能够支持实时监控
我需要无人机能够低空飞行，并具备高分辨率摄像功能,RelatedTo,我希望无人机具备长时间巡航能力
我需要无人机能够低空飞行，并具备高分辨率摄像功能,RelatedTo,我需要无人机能够检测环境污染
我需要无人机能够低空飞行，并具备高分辨率摄像功能,RelatedTo,我希望无人机能够进行夜间飞行
我需要无人机能够低空飞行，并具备高分辨率摄像功能,RelatedTo,我需要无人机具备障碍物避让功能
我需要无人机能够低空飞行，并具备高分辨率摄像功能,RelatedTo,我希望无人机能够在复杂地形中飞行
我需要无人机能够低空飞行，并具备高分辨率摄像功能,RelatedTo,我需要无人机能够在恶劣气候条件下运行
我希望无人机能够在海面上飞行，并搭载气象传感器,RelatedTo,我希望无人机能够搭载专业摄像设备
我希望无人机能够在海面上飞行，并搭载气象传感器,RelatedTo,我希望无人机能够在海洋环境中飞行
我希望无人机能够在海面上飞行，并搭载气象传感器,RelatedTo,我需要无人机具备防水功能
我希望无人机能够在海面上飞行，并搭载气象传感器,RelatedTo,我希望无人机能够支持实时监控
我希望无人机能够在海面上飞行，并搭载气象传感器,RelatedTo,我希望无人机具备长时间巡航能力
我希望无人机能够在海面上飞行，并搭载气象传感器,RelatedTo,我需要无人机能够检测环境污染
我希望无人机能够在海面上飞行，并搭载气象传感器,RelatedTo,我希望无人机能够进行夜间飞行
我希望无人机能够在海面上飞行，并搭载气象传感器,RelatedTo,我需要无人机具备障碍物避让功能
我希望无人机能够在海面上飞行，并搭载气象传感器,RelatedTo,我希望无人机能够在复杂地形中飞行
我希望无人机能够在海面上飞行，并搭载气象传感器,RelatedTo,我需要无人机能够在恶劣气候条件下运行
我需要无人机能够在港口区域飞行，并具备高清摄像功能,RelatedTo,我希望无人机能够搭载专业摄像设备
我需要无人机能够在港口区域飞行，并具备高清摄像功能,RelatedTo,我希望无人机能够在海洋环境中飞行
我需要无人机能够在港口区域飞行，并具备高清摄像功能,RelatedTo,我需要无人机具备防水功能
我需要无人机能够在港口区域飞行，并具备高清摄像功能,RelatedTo,我希望无人机能够支持实时监控
我需要无人机能够在港口区域飞行，并具备高清摄像功能,RelatedTo,我希望无人机具备长时间巡航能力
我需要无人机能够在港口区域飞行，并具备高清摄像功能,RelatedTo,我需要无人机能够检测环境污染
我需要无人机能够在港口区域飞行，并具备高清摄像功能,RelatedTo,我希望无人机能够进行夜间飞行
我需要无人机能够在港口区域飞行，并具备高清摄像功能,RelatedTo,我需要无人机具备障碍物避让功能
我需要无人机能够在港口区域飞行，并具备高清摄像功能,RelatedTo,我希望无人机能够在复杂地形中飞行
我需要无人机能够在港口区域飞行，并具备高清摄像功能,RelatedTo,我需要无人机能够在恶劣气候条件下运行
我希望无人机能够飞越高压输电线路，并搭载红外热成像仪,RelatedTo,我希望无人机能够搭载专业摄像设备
我希望无人机能够飞越高压输电线路，并搭载红外热成像仪,RelatedTo,我希望无人机能够在海洋环境中飞行
我希望无人机能够飞越高压输电线路，并搭载红外热成像仪,RelatedTo,我需要无人机具备防水功能
我希望无人机能够飞越高压输电线路，并搭载红外热成像仪,RelatedTo,我希望无人机能够支持实时监控
我希望无人机能够飞越高压输电线路，并搭载红外热成像仪,RelatedTo,我希望无人机具备长时间巡航能力
我希望无人机能够飞越高压输电线路，并搭载红外热成像仪,RelatedTo,我需要无人机能够检测环境污染
我希望无人机能够飞越高压输电线路，并搭载红外热成像仪,RelatedTo,我希望无人机能够进行夜间飞行
我希望无人机能够飞越高压输电线路，并搭载红外热成像仪,RelatedTo,我需要无人机具备障碍物避让功能
我希望无人机能够飞越高压输电线路，并搭载红外热成像仪,RelatedTo,我希望无人机能够在复杂地形中飞行
我希望无人机能够飞越高压输电线路，并搭载红外热成像仪,RelatedTo,我需要无人机能够在恶劣气候条件下运行
我需要无人机能够在野生动物栖息地飞行，并具备红外热成像功能,RelatedTo,我希望无人机能够搭载专业摄像设备
我需要无人机能够在野生动物栖息地飞行，并具备红外热成像功能,RelatedTo,我希望无人机能够在海洋环境中飞行
我需要无人机能够在野生动物栖息地飞行，并具备红外热成像功能,RelatedTo,我需要无人机具备防水功能
我需要无人机能够在野生动物栖息地飞行，并具备红外热成像功能,RelatedTo,我希望无人机能够支持实时监控
我需要无人机能够在野生动物栖息地飞行，并具备红外热成像功能,RelatedTo,我希望无人机具备长时间巡航能力
我需要无人机能够在野生动物栖息地飞行，并具备红外热成像功能,RelatedTo,我需要无人机能够检测环境污染
我需要无人机能够在野生动物栖息地飞行，并具备红外热成像功能,RelatedTo,我希望无人机能够进行夜间飞行
我需要无人机能够在野生动物栖息地飞行，并具备红外热成像功能,RelatedTo,我需要无人机具备障碍物避让功能
我需要无人机能够在野生动物栖息地飞行，并具备红外热成像功能,RelatedTo,我希望无人机能够在复杂地形中飞行
我需要无人机能够在野生动物栖息地飞行，并具备红外热成像功能,RelatedTo,我需要无人机能够在恶劣气候条件下运行
我希望无人机能够进行空中测绘，并搭载高分辨率摄像功能,RelatedTo,我希望无人机能够搭载专业摄像设备
我希望无人机能够进行空中测绘，并搭载高分辨率摄像功能,RelatedTo,我希望无人机能够在海洋环境中飞行
我希望无人机能够进行空中测绘，并搭载高分辨率摄像功能,RelatedTo,我需要无人机具备防水功能
我希望无人机能够进行空中测绘，并搭载高分辨率摄像功能,RelatedTo,我希望无人机能够支持实时监控
我希望无人机能够进行空中测绘，并搭载高分辨率摄像功能,RelatedTo,我希望无人机具备长时间巡航能力
我希望无人机能够进行空中测绘，并搭载高分辨率摄像功能,RelatedTo,我需要无人机能够检测环境污染
我希望无人机能够进行空中测绘，并搭载高分辨率摄像功能,RelatedTo,我希望无人机能够进行夜间飞行
我希望无人机能够进行空中测绘，并搭载高分辨率摄像功能,RelatedTo,我需要无人机具备障碍物避让功能
我希望无人机能够进行空中测绘，并搭载高分辨率摄像功能,RelatedTo,我希望无人机能够在复杂地形中飞行
我希望无人机能够进行空中测绘，并搭载高分辨率摄像功能,RelatedTo,我需要无人机能够在恶劣气候条件下运行
我需要无人机能够在灾区飞行，并具备红外热成像功能,RelatedTo,我希望无人机能够搭载专业摄像设备
我需要无人机能够在灾区飞行，并具备红外热成像功能,RelatedTo,我希望无人机能够在海洋环境中飞行
我需要无人机能够在灾区飞行，并具备红外热成像功能,RelatedTo,我需要无人机具备防水功能
我需要无人机能够在灾区飞行，并具备红外热成像功能,RelatedTo,我希望无人机能够支持实时监控
我需要无人机能够在灾区飞行，并具备红外热成像功能,RelatedTo,我希望无人机具备长时间巡航能力
我需要无人机能够在灾区飞行，并具备红外热成像功能,RelatedTo,我需要无人机能够检测环境污染
我需要无人机能够在灾区飞行，并具备红外热成像功能,RelatedTo,我希望无人机能够进行夜间飞行
我需要无人机能够在灾区飞行，并具备红外热成像功能,RelatedTo,我需要无人机具备障碍物避让功能
我需要无人机能够在灾区飞行，并具备红外热成像功能,RelatedTo,我希望无人机能够在复杂地形中飞行
我需要无人机能够在灾区飞行，并具备红外热成像功能,RelatedTo,我需要无人机能够在恶劣气候条件下运行
我希望无人机能够在复杂的环境中飞行，并具备空气采样功能,RelatedTo,我希望无人机能够搭载专业摄像设备
我希望无人机能够在复杂的环境中飞行，并具备空气采样功能,RelatedTo,我希望无人机能够在海洋环境中飞行
我希望无人机能够在复杂的环境中飞行，并具备空气采样功能,RelatedTo,我需要无人机具备防水功能
我希望无人机能够在复杂的环境中飞行，并具备空气采样功能,RelatedTo,我希望无人机能够支持实时监控
我希望无人机能够在复杂的环境中飞行，并具备空气采样功能,RelatedTo,我希望无人机具备长时间巡航能力
我希望无人机能够在复杂的环境中飞行，并具备空气采样功能,RelatedTo,我需要无人机能够检测环境污染
我希望无人机能够在复杂的环境中飞行，并具备空气采样功能,RelatedTo,我希望无人机能够进行夜间飞行
我希望无人机能够在复杂的环境中飞行，并具备空气采样功能,RelatedTo,我需要无人机具备障碍物避让功能
我希望无人机能够在复杂的环境中飞行，并具备空气采样功能,RelatedTo,我希望无人机能够在复杂地形中飞行
我希望无人机能够在复杂的环境中飞行，并具备空气采样功能,RelatedTo,我需要无人机能够在恶劣气候条件下运行
我需要无人机能够在道路上空飞行，并具备交通监测功能,RelatedTo,我希望无人机能够搭载专业摄像设备
我需要无人机能够在道路上空飞行，并具备交通监测功能,RelatedTo,我希望无人机能够在海洋环境中飞行
我需要无人机能够在道路上空飞行，并具备交通监测功能,RelatedTo,我需要无人机具备防水功能
我需要无人机能够在道路上空飞行，并具备交通监测功能,RelatedTo,我希望无人机能够支持实时监控
我需要无人机能够在道路上空飞行，并具备交通监测功能,RelatedTo,我希望无人机具备长时间巡航能力
我需要无人机能够在道路上空飞行，并具备交通监测功能,RelatedTo,我需要无人机能够检测环境污染
我需要无人机能够在道路上空飞行，并具备交通监测功能,RelatedTo,我希望无人机能够进行夜间飞行
我需要无人机能够在道路上空飞行，并具备交通监测功能,RelatedTo,我需要无人机具备障碍物避让功能
我需要无人机能够在道路上空飞行，并具备交通监测功能,RelatedTo,我希望无人机能够在复杂地形中飞行
我需要无人机能够在道路上空飞行，并具备交通监测功能,RelatedTo,我需要无人机能够在恶劣气候条件下运行
我希望无人机能够在海上飞行，并搭载水下摄像功能,RelatedTo,我希望无人机能够搭载专业摄像设备
我希望无人机能够在海上飞行，并搭载水下摄像功能,RelatedTo,我希望无人机能够在海洋环境中飞行
我希望无人机能够在海上飞行，并搭载水下摄像功能,RelatedTo,我需要无人机具备防水功能
我希望无人机能够在海上飞行，并搭载水下摄像功能,RelatedTo,我希望无人机能够支持实时监控
我希望无人机能够在海上飞行，并搭载水下摄像功能,RelatedTo,我希望无人机具备长时间巡航能力
我希望无人机能够在海上飞行，并搭载水下摄像功能,RelatedTo,我需要无人机能够检测环境污染
我希望无人机能够在海上飞行，并搭载水下摄像功能,RelatedTo,我希望无人机能够进行夜间飞行
我希望无人机能够在海上飞行，并搭载水下摄像功能,RelatedTo,我需要无人机具备障碍物避让功能
我希望无人机能够在海上飞行，并搭载水下摄像功能,RelatedTo,我希望无人机能够在复杂地形中飞行
我希望无人机能够在海上飞行，并搭载水下摄像功能,RelatedTo,我需要无人机能够在恶劣气候条件下运行
我需要无人机能够在城市区域飞行，并具备高清摄像功能,RelatedTo,我希望无人机能够搭载专业摄像设备
我需要无人机能够在城市区域飞行，并具备高清摄像功能,RelatedTo,我希望无人机能够在海洋环境中飞行
我需要无人机能够在城市区域飞行，并具备高清摄像功能,RelatedTo,我需要无人机具备防水功能
我需要无人机能够在城市区域飞行，并具备高清摄像功能,RelatedTo,我希望无人机能够支持实时监控
我需要无人机能够在城市区域飞行，并具备高清摄像功能,RelatedTo,我希望无人机具备长时间巡航能力
我需要无人机能够在城市区域飞行，并具备高清摄像功能,RelatedTo,我需要无人机能够检测环境污染
我需要无人机能够在城市区域飞行，并具备高清摄像功能,RelatedTo,我希望无人机能够进行夜间飞行
我需要无人机能够在城市区域飞行，并具备高清摄像功能,RelatedTo,我需要无人机具备障碍物避让功能
我需要无人机能够在城市区域飞行，并具备高清摄像功能,RelatedTo,我希望无人机能够在复杂地形中飞行
我需要无人机能够在城市区域飞行，并具备高清摄像功能,RelatedTo,我需要无人机能够在恶劣气候条件下运行
我希望无人机能够进行植物生长监测，并搭载多光谱传感器,RelatedTo,我希望无人机能够搭载专业摄像设备
我希望无人机能够进行植物生长监测，并搭载多光谱传感器,RelatedTo,我希望无人机能够在海洋环境中飞行
我希望无人机能够进行植物生长监测，并搭载多光谱传感器,RelatedTo,我需要无人机具备防水功能
我希望无人机能够进行植物生长监测，并搭载多光谱传感器,RelatedTo,我希望无人机能够支持实时监控
我希望无人机能够进行植物生长监测，并搭载多光谱传感器,RelatedTo,我希望无人机具备长时间巡航能力
我希望无人机能够进行植物生长监测，并搭载多光谱传感器,RelatedTo,我需要无人机能够检测环境污染
我希望无人机能够进行植物生长监测，并搭载多光谱传感器,RelatedTo,我希望无人机能够进行夜间飞行
我希望无人机能够进行植物生长监测，并搭载多光谱传感器,RelatedTo,我需要无人机具备障碍物避让功能
我希望无人机能够进行植物生长监测，并搭载多光谱传感器,RelatedTo,我希望无人机能够在复杂地形中飞行
我希望无人机能够进行植物生长监测，并搭载多光谱传感器,RelatedTo,我需要无人机能够在恶劣气候条件下运行
我需要无人机能够在高压输电线路上飞行，并具备红外热成像功能,RelatedTo,我希望无人机能够搭载专业摄像设备
我需要无人机能够在高压输电线路上飞行，并具备红外热成像功能,RelatedTo,我希望无人机能够在海洋环境中飞行
我需要无人机能够在高压输电线路上飞行，并具备红外热成像功能,RelatedTo,我需要无人机具备防水功能
我需要无人机能够在高压输电线路上飞行，并具备红外热成像功能,RelatedTo,我希望无人机能够支持实时监控
我需要无人机能够在高压输电线路上飞行，并具备红外热成像功能,RelatedTo,我希望无人机具备长时间巡航能力
我需要无人机能够在高压输电线路上飞行，并具备红外热成像功能,RelatedTo,我需要无人机能够检测环境污染
我需要无人机能够在高压输电线路上飞行，并具备红外热成像功能,RelatedTo,我希望无人机能够进行夜间飞行
我需要无人机能够在高压输电线路上飞行，并具备红外热成像功能,RelatedTo,我需要无人机具备障碍物避让功能
我需要无人机能够在高压输电线路上飞行，并具备红外热成像功能,RelatedTo,我希望无人机能够在复杂地形中飞行
我需要无人机能够在高压输电线路上飞行，并具备红外热成像功能,RelatedTo,我需要无人机能够在恶劣气候条件下运行
我希望无人机能够在海面上飞行，并搭载气象传感器,RelatedTo,我希望无人机能够搭载专业摄像设备
我希望无人机能够在海面上飞行，并搭载气象传感器,RelatedTo,我希望无人机能够在海洋环境中飞行
我希望无人机能够在海面上飞行，并搭载气象传感器,RelatedTo,我需要无人机具备防水功能
我希望无人机能够在海面上飞行，并搭载气象传感器,RelatedTo,我希望无人机能够支持实时监控
我希望无人机能够在海面上飞行，并搭载气象传感器,RelatedTo,我希望无人机具备长时间巡航能力
我希望无人机能够在海面上飞行，并搭载气象传感器,RelatedTo,我需要无人机能够检测环境污染
我希望无人机能够在海面上飞行，并搭载气象传感器,RelatedTo,我希望无人机能够进行夜间飞行
我希望无人机能够在海面上飞行，并搭载气象传感器,RelatedTo,我需要无人机具备障碍物避让功能
我希望无人机能够在海面上飞行，并搭载气象传感器,RelatedTo,我希望无人机能够在复杂地形中飞行
我希望无人机能够在海面上飞行，并搭载气象传感器,RelatedTo,我需要无人机能够在恶劣气候条件下运行
我需要无人机能够在港口区域飞行，并具备船舶识别功能,RelatedTo,我希望无人机能够搭载专业摄像设备
我需要无人机能够在港口区域飞行，并具备船舶识别功能,RelatedTo,我希望无人机能够在海洋环境中飞行
我需要无人机能够在港口区域飞行，并具备船舶识别功能,RelatedTo,我需要无人机具备防水功能
我需要无人机能够在港口区域飞行，并具备船舶识别功能,RelatedTo,我希望无人机能够支持实时监控
我需要无人机能够在港口区域飞行，并具备船舶识别功能,RelatedTo,我希望无人机具备长时间巡航能力
我需要无人机能够在港口区域飞行，并具备船舶识别功能,RelatedTo,我需要无人机能够检测环境污染
我需要无人机能够在港口区域飞行，并具备船舶识别功能,RelatedTo,我希望无人机能够进行夜间飞行
我需要无人机能够在港口区域飞行，并具备船舶识别功能,RelatedTo,我需要无人机具备障碍物避让功能
我需要无人机能够在港口区域飞行，并具备船舶识别功能,RelatedTo,我希望无人机能够在复杂地形中飞行
我需要无人机能够在港口区域飞行，并具备船舶识别功能,RelatedTo,我需要无人机能够在恶劣气候条件下运行
我希望无人机能够在污染源周围飞行，并搭载空气采样器,RelatedTo,我希望无人机能够搭载专业摄像设备
我希望无人机能够在污染源周围飞行，并搭载空气采样器,RelatedTo,我希望无人机能够在海洋环境中飞行
我希望无人机能够在污染源周围飞行，并搭载空气采样器,RelatedTo,我需要无人机具备防水功能
我希望无人机能够在污染源周围飞行，并搭载空气采样器,RelatedTo,我希望无人机能够支持实时监控
我希望无人机能够在污染源周围飞行，并搭载空气采样器,RelatedTo,我希望无人机具备长时间巡航能力
我希望无人机能够在污染源周围飞行，并搭载空气采样器,RelatedTo,我需要无人机能够检测环境污染
我希望无人机能够在污染源周围飞行，并搭载空气采样器,RelatedTo,我希望无人机能够进行夜间飞行
我希望无人机能够在污染源周围飞行，并搭载空气采样器,RelatedTo,我需要无人机具备障碍物避让功能
我希望无人机能够在污染源周围飞行，并搭载空气采样器,RelatedTo,我希望无人机能够在复杂地形中飞行
我希望无人机能够在污染源周围飞行，并搭载空气采样器,RelatedTo,我需要无人机能够在恶劣气候条件下运行
我需要无人机能够在水域上飞行，并具备水质监测仪器,RelatedTo,我希望无人机能够搭载专业摄像设备
我需要无人机能够在水域上飞行，并具备水质监测仪器,RelatedTo,我希望无人机能够在海洋环境中飞行
我需要无人机能够在水域上飞行，并具备水质监测仪器,RelatedTo,我需要无人机具备防水功能
我需要无人机能够在水域上飞行，并具备水质监测仪器,RelatedTo,我希望无人机能够支持实时监控
我需要无人机能够在水域上飞行，并具备水质监测仪器,RelatedTo,我希望无人机具备长时间巡航能力
我需要无人机能够在水域上飞行，并具备水质监测仪器,RelatedTo,我需要无人机能够检测环境污染
我需要无人机能够在水域上飞行，并具备水质监测仪器,RelatedTo,我希望无人机能够进行夜间飞行
我需要无人机能够在水域上飞行，并具备水质监测仪器,RelatedTo,我需要无人机具备障碍物避让功能
我需要无人机能够在水域上飞行，并具备水质监测仪器,RelatedTo,我希望无人机能够在复杂地形中飞行
我需要无人机能够在水域上飞行，并具备水质监测仪器,RelatedTo,我需要无人机能够在恶劣气候条件下运行
我希望无人机能够进行高空摄影，并具备稳定飞行和高分辨率摄像功能,RelatedTo,我希望无人机能够搭载专业摄像设备
我希望无人机能够进行高空摄影，并具备稳定飞行和高分辨率摄像功能,RelatedTo,我希望无人机能够在海洋环境中飞行
我希望无人机能够进行高空摄影，并具备稳定飞行和高分辨率摄像功能,RelatedTo,我需要无人机具备防水功能
我希望无人机能够进行高空摄影，并具备稳定飞行和高分辨率摄像功能,RelatedTo,我希望无人机能够支持实时监控
我希望无人机能够进行高空摄影，并具备稳定飞行和高分辨率摄像功能,RelatedTo,我希望无人机具备长时间巡航能力
我希望无人机能够进行高空摄影，并具备稳定飞行和高分辨率摄像功能,RelatedTo,我需要无人机能够检测环境污染
我希望无人机能够进行高空摄影，并具备稳定飞行和高分辨率摄像功能,RelatedTo,我希望无人机能够进行夜间飞行
我希望无人机能够进行高空摄影，并具备稳定飞行和高分辨率摄像功能,RelatedTo,我需要无人机具备障碍物避让功能
我希望无人机能够进行高空摄影，并具备稳定飞行和高分辨率摄像功能,RelatedTo,我希望无人机能够在复杂地形中飞行
我希望无人机能够进行高空摄影，并具备稳定飞行和高分辨率摄像功能,RelatedTo,我需要无人机能够在恶劣气候条件下运行
我需要无人机能够在野生动物栖息地飞行，并搭载红外热成像功能,RelatesTo,我希望无人机能够进行建筑物测量，并搭载激光扫描仪
我需要无人机具备较大的载荷能力,RelatesTo,我希望无人机能够搭载喷洒设备，具备足够的载荷能力
我需要无人机具备足够的载荷能力,RelatesTo,我希望无人机能够搭载救生设备和物资，具备较大的载荷能力
我需要无人机能够搭载建筑材料和工具，具备足够的载荷能力,RelatesTo,我希望无人机能够搭载专业摄影设备，具备足够的载荷能力
我需要无人机能够搭载地质勘探设备，具备足够的载荷能力,RelatesTo,我希望无人机能够搭载海洋观测设备和探测器，具备较大的载荷能力
我需要无人机能够搭载电力设备和工具，具备足够的载荷能力,RelatesTo,我希望无人机能够搭载环境监测设备，具备足够的载荷能力
我需要无人机具备较大的载荷能力,RelatesTo,我希望无人机能够搭载灭火设备和救生器材，具备足够的载荷能力
我需要无人机能够搭载农业传感器和采样设备，具备较大的载荷能力,RelatesTo,我希望无人机能够搭载采矿设备和工具，具备足够的载荷能力
我需要无人机具备较大的载荷能力,RelatesTo,我希望无人机能够搭载灌溉设备和传感器，具备足够的载荷能力
我需要无人机能够搭载地震勘测设备和传感器，具备足够的载荷能力,RelatesTo,我希望无人机能够搭载海洋生物采样设备和海洋底质采集器，具备较大的载荷能力
我需要无人机能够快速起飞和高空巡航,RelatedTo,我希望无人机能够搭载专业摄像设备
我需要无人机能够快速起飞和高空巡航,RelatedTo,我希望无人机能够在海洋环境中飞行
我需要无人机能够快速起飞和高空巡航,RelatedTo,我需要无人机具备防水功能
我需要无人机能够快速起飞和高空巡航,RelatedTo,我希望无人机能够支持实时监控
我需要无人机能够快速起飞和高空巡航,RelatedTo,我希望无人机具备长时间巡航能力
我需要无人机能够快速起飞和高空巡航,RelatedTo,我需要无人机能够检测环境污染
我需要无人机能够快速起飞和高空巡航,RelatedTo,我希望无人机能够进行夜间飞行
我需要无人机能够快速起飞和高空巡航,RelatedTo,我需要无人机具备障碍物避让功能
我需要无人机能够快速起飞和高空巡航,RelatedTo,我希望无人机能够在复杂地形中飞行
我需要无人机能够快速起飞和高空巡航,RelatedTo,我需要无人机能够在恶劣气候条件下运行
我希望无人机能够高空飞行，并搭载实时直播摄像功能,RelatedTo,我希望无人机能够搭载专业摄像设备
我希望无人机能够高空飞行，并搭载实时直播摄像功能,RelatedTo,我希望无人机能够在海洋环境中飞行
我希望无人机能够高空飞行，并搭载实时直播摄像功能,RelatedTo,我需要无人机具备防水功能
我希望无人机能够高空飞行，并搭载实时直播摄像功能,RelatedTo,我希望无人机能够支持实时监控
我希望无人机能够高空飞行，并搭载实时直播摄像功能,RelatedTo,我希望无人机具备长时间巡航能力
我希望无人机能够高空飞行，并搭载实时直播摄像功能,RelatedTo,我需要无人机能够检测环境污染
我希望无人机能够高空飞行，并搭载实时直播摄像功能,RelatedTo,我希望无人机能够进行夜间飞行
我希望无人机能够高空飞行，并搭载实时直播摄像功能,RelatedTo,我需要无人机具备障碍物避让功能
我希望无人机能够高空飞行，并搭载实时直播摄像功能,RelatedTo,我希望无人机能够在复杂地形中飞行
我希望无人机能够高空飞行，并搭载实时直播摄像功能,RelatedTo,我需要无人机能够在恶劣气候条件下运行
我需要无人机具备远程控制和自主飞行能力,RelatedTo,我希望无人机能够搭载专业摄像设备
我需要无人机具备远程控制和自主飞行能力,RelatedTo,我希望无人机能够在海洋环境中飞行
我需要无人机具备远程控制和自主飞行能力,RelatedTo,我需要无人机具备防水功能
我需要无人机具备远程控制和自主飞行能力,RelatedTo,我希望无人机能够支持实时监控
我需要无人机具备远程控制和自主飞行能力,RelatedTo,我希望无人机具备长时间巡航能力
我需要无人机具备远程控制和自主飞行能力,RelatedTo,我需要无人机能够检测环境污染
我需要无人机具备远程控制和自主飞行能力,RelatedTo,我希望无人机能够进行夜间飞行
我需要无人机具备远程控制和自主飞行能力,RelatedTo,我需要无人机具备障碍物避让功能
我需要无人机具备远程控制和自主飞行能力,RelatedTo,我希望无人机能够在复杂地形中飞行
我需要无人机具备远程控制和自主飞行能力,RelatedTo,我需要无人机能够在恶劣气候条件下运行
我希望无人机能够高空飞行并具备空气采样功能,RelatedTo,我希望无人机能够搭载专业摄像设备
我希望无人机能够高空飞行并具备空气采样功能,RelatedTo,我希望无人机能够在海洋环境中飞行
我希望无人机能够高空飞行并具备空气采样功能,RelatedTo,我需要无人机具备防水功能
我希望无人机能够高空飞行并具备空气采样功能,RelatedTo,我希望无人机能够支持实时监控
我希望无人机能够高空飞行并具备空气采样功能,RelatedTo,我希望无人机具备长时间巡航能力
我希望无人机能够高空飞行并具备空气采样功能,RelatedTo,我需要无人机能够检测环境污染
我希望无人机能够高空飞行并具备空气采样功能,RelatedTo,我希望无人机能够进行夜间飞行
我希望无人机能够高空飞行并具备空气采样功能,RelatedTo,我需要无人机具备障碍物避让功能
我希望无人机能够高空飞行并具备空气采样功能,RelatedTo,我希望无人机能够在复杂地形中飞行
我希望无人机能够高空飞行并具备空气采样功能,RelatedTo,我需要无人机能够在恶劣气候条件下运行
我需要无人机能够低空飞行并具备热成像摄像功能,RelatedTo,我希望无人机能够搭载专业摄像设备
我需要无人机能够低空飞行并具备热成像摄像功能,RelatedTo,我希望无人机能够在海洋环境中飞行
我需要无人机能够低空飞行并具备热成像摄像功能,RelatedTo,我需要无人机具备防水功能
我需要无人机能够低空飞行并具备热成像摄像功能,RelatedTo,我希望无人机能够支持实时监控
我需要无人机能够低空飞行并具备热成像摄像功能,RelatedTo,我希望无人机具备长时间巡航能力
我需要无人机能够低空飞行并具备热成像摄像功能,RelatedTo,我需要无人机能够检测环境污染
我需要无人机能够低空飞行并具备热成像摄像功能,RelatedTo,我希望无人机能够进行夜间飞行
我需要无人机能够低空飞行并具备热成像摄像功能,RelatedTo,我需要无人机具备障碍物避让功能
我需要无人机能够低空飞行并具备热成像摄像功能,RelatedTo,我希望无人机能够在复杂地形中飞行
我需要无人机能够低空飞行并具备热成像摄像功能,RelatedTo,我需要无人机能够在恶劣气候条件下运行
我希望无人机能够在海面上飞行，并具备水下摄像功能,RelatedTo,我希望无人机能够搭载专业摄像设备
我希望无人机能够在海面上飞行，并具备水下摄像功能,RelatedTo,我希望无人机能够在海洋环境中飞行
我希望无人机能够在海面上飞行，并具备水下摄像功能,RelatedTo,我需要无人机具备防水功能
我希望无人机能够在海面上飞行，并具备水下摄像功能,RelatedTo,我希望无人机能够支持实时监控
我希望无人机能够在海面上飞行，并具备水下摄像功能,RelatedTo,我希望无人机具备长时间巡航能力
我希望无人机能够在海面上飞行，并具备水下摄像功能,RelatedTo,我需要无人机能够检测环境污染
我希望无人机能够在海面上飞行，并具备水下摄像功能,RelatedTo,我希望无人机能够进行夜间飞行
我希望无人机能够在海面上飞行，并具备水下摄像功能,RelatedTo,我需要无人机具备障碍物避让功能
我希望无人机能够在海面上飞行，并具备水下摄像功能,RelatedTo,我希望无人机能够在复杂地形中飞行
我希望无人机能够在海面上飞行，并具备水下摄像功能,RelatedTo,我需要无人机能够在恶劣气候条件下运行
我需要无人机能够高空飞行并具备气象传感器,RelatedTo,我希望无人机能够搭载专业摄像设备
我需要无人机能够高空飞行并具备气象传感器,RelatedTo,我希望无人机能够在海洋环境中飞行
我需要无人机能够高空飞行并具备气象传感器,RelatedTo,我需要无人机具备防水功能
我需要无人机能够高空飞行并具备气象传感器,RelatedTo,我希望无人机能够支持实时监控
我需要无人机能够高空飞行并具备气象传感器,RelatedTo,我希望无人机具备长时间巡航能力
我需要无人机能够高空飞行并具备气象传感器,RelatedTo,我需要无人机能够检测环境污染
我需要无人机能够高空飞行并具备气象传感器,RelatedTo,我希望无人机能够进行夜间飞行
我需要无人机能够高空飞行并具备气象传感器,RelatedTo,我需要无人机具备障碍物避让功能
我需要无人机能够高空飞行并具备气象传感器,RelatedTo,我希望无人机能够在复杂地形中飞行
我需要无人机能够高空飞行并具备气象传感器,RelatedTo,我需要无人机能够在恶劣气候条件下运行
我希望无人机能够高空飞行并具备三维建模功能,RelatedTo,我希望无人机能够搭载专业摄像设备
我希望无人机能够高空飞行并具备三维建模功能,RelatedTo,我希望无人机能够在海洋环境中飞行
我希望无人机能够高空飞行并具备三维建模功能,RelatedTo,我需要无人机具备防水功能
我希望无人机能够高空飞行并具备三维建模功能,RelatedTo,我希望无人机能够支持实时监控
我希望无人机能够高空飞行并具备三维建模功能,RelatedTo,我希望无人机具备长时间巡航能力
我希望无人机能够高空飞行并具备三维建模功能,RelatedTo,我需要无人机能够检测环境污染
我希望无人机能够高空飞行并具备三维建模功能,RelatedTo,我希望无人机能够进行夜间飞行
我希望无人机能够高空飞行并具备三维建模功能,RelatedTo,我需要无人机具备障碍物避让功能
我希望无人机能够高空飞行并具备三维建模功能,RelatedTo,我希望无人机能够在复杂地形中飞行
我希望无人机能够高空飞行并具备三维建模功能,RelatedTo,我需要无人机能够在恶劣气候条件下运行
我需要无人机具备远程控制和自主飞行能力,RelatedTo,我希望无人机能够搭载专业摄像设备
我需要无人机具备远程控制和自主飞行能力,RelatedTo,我希望无人机能够在海洋环境中飞行
我需要无人机具备远程控制和自主飞行能力,RelatedTo,我需要无人机具备防水功能
我需要无人机具备远程控制和自主飞行能力,RelatedTo,我希望无人机能够支持实时监控
我需要无人机具备远程控制和自主飞行能力,RelatedTo,我希望无人机具备长时间巡航能力
我需要无人机具备远程控制和自主飞行能力,RelatedTo,我需要无人机能够检测环境污染
我需要无人机具备远程控制和自主飞行能力,RelatedTo,我希望无人机能够进行夜间飞行
我需要无人机具备远程控制和自主飞行能力,RelatedTo,我需要无人机具备障碍物避让功能
我需要无人机具备远程控制和自主飞行能力,RelatedTo,我希望无人机能够在复杂地形中飞行
我需要无人机具备远程控制和自主飞行能力,RelatedTo,我需要无人机能够在恶劣气候条件下运行
我希望无人机能够飞越茂密的树冠，并具备红外线摄像功能,RelatedTo,我希望无人机能够搭载专业摄像设备
我希望无人机能够飞越茂密的树冠，并具备红外线摄像功能,RelatedTo,我希望无人机能够在海洋环境中飞行
我希望无人机能够飞越茂密的树冠，并具备红外线摄像功能,RelatedTo,我需要无人机具备防水功能
我希望无人机能够飞越茂密的树冠，并具备红外线摄像功能,RelatedTo,我希望无人机能够支持实时监控
我希望无人机能够飞越茂密的树冠，并具备红外线摄像功能,RelatedTo,我希望无人机具备长时间巡航能力
我希望无人机能够飞越茂密的树冠，并具备红外线摄像功能,RelatedTo,我需要无人机能够检测环境污染
我希望无人机能够飞越茂密的树冠，并具备红外线摄像功能,RelatedTo,我希望无人机能够进行夜间飞行
我希望无人机能够飞越茂密的树冠，并具备红外线摄像功能,RelatedTo,我需要无人机具备障碍物避让功能
我希望无人机能够飞越茂密的树冠，并具备红外线摄像功能,RelatedTo,我希望无人机能够在复杂地形中飞行
我希望无人机能够飞越茂密的树冠，并具备红外线摄像功能,RelatedTo,我需要无人机能够在恶劣气候条件下运行
我需要无人机具备高度保持和稳定飞行的能力,RelatedTo,我希望无人机能够搭载专业摄像设备
我需要无人机具备高度保持和稳定飞行的能力,RelatedTo,我希望无人机能够在海洋环境中飞行
我需要无人机具备高度保持和稳定飞行的能力,RelatedTo,我需要无人机具备防水功能
我需要无人机具备高度保持和稳定飞行的能力,RelatedTo,我希望无人机能够支持实时监控
我需要无人机具备高度保持和稳定飞行的能力,RelatedTo,我希望无人机具备长时间巡航能力
我需要无人机具备高度保持和稳定飞行的能力,RelatedTo,我需要无人机能够检测环境污染
我需要无人机具备高度保持和稳定飞行的能力,RelatedTo,我希望无人机能够进行夜间飞行
我需要无人机具备高度保持和稳定飞行的能力,RelatedTo,我需要无人机具备障碍物避让功能
我需要无人机具备高度保持和稳定飞行的能力,RelatedTo,我希望无人机能够在复杂地形中飞行
我需要无人机具备高度保持和稳定飞行的能力,RelatedTo,我需要无人机能够在恶劣气候条件下运行
我希望无人机能够在海洋上空飞行，并具备高清摄像和声纳探测功能,RelatedTo,我希望无人机能够搭载专业摄像设备
我希望无人机能够在海洋上空飞行，并具备高清摄像和声纳探测功能,RelatedTo,我希望无人机能够在海洋环境中飞行
我希望无人机能够在海洋上空飞行，并具备高清摄像和声纳探测功能,RelatedTo,我需要无人机具备防水功能
我希望无人机能够在海洋上空飞行，并具备高清摄像和声纳探测功能,RelatedTo,我希望无人机能够支持实时监控
我希望无人机能够在海洋上空飞行，并具备高清摄像和声纳探测功能,RelatedTo,我希望无人机具备长时间巡航能力
我希望无人机能够在海洋上空飞行，并具备高清摄像和声纳探测功能,RelatedTo,我需要无人机能够检测环境污染
我希望无人机能够在海洋上空飞行，并具备高清摄像和声纳探测功能,RelatedTo,我希望无人机能够进行夜间飞行
我希望无人机能够在海洋上空飞行，并具备高清摄像和声纳探测功能,RelatedTo,我需要无人机具备障碍物避让功能
我希望无人机能够在海洋上空飞行，并具备高清摄像和声纳探测功能,RelatedTo,我希望无人机能够在复杂地形中飞行
我希望无人机能够在海洋上空飞行，并具备高清摄像和声纳探测功能,RelatedTo,我需要无人机能够在恶劣气候条件下运行
我需要无人机能够在污染区域飞行，并搭载空气采样器,RelatedTo,我希望无人机能够搭载专业摄像设备
我需要无人机能够在污染区域飞行，并搭载空气采样器,RelatedTo,我希望无人机能够在海洋环境中飞行
我需要无人机能够在污染区域飞行，并搭载空气采样器,RelatedTo,我需要无人机具备防水功能
我需要无人机能够在污染区域飞行，并搭载空气采样器,RelatedTo,我希望无人机能够支持实时监控
我需要无人机能够在污染区域飞行，并搭载空气采样器,RelatedTo,我希望无人机具备长时间巡航能力
我需要无人机能够在污染区域飞行，并搭载空气采样器,RelatedTo,我需要无人机能够检测环境污染
我需要无人机能够在污染区域飞行，并搭载空气采样器,RelatedTo,我希望无人机能够进行夜间飞行
我需要无人机能够在污染区域飞行，并搭载空气采样器,RelatedTo,我需要无人机具备障碍物避让功能
我需要无人机能够在污染区域飞行，并搭载空气采样器,RelatedTo,我希望无人机能够在复杂地形中飞行
我需要无人机能够在污染区域飞行，并搭载空气采样器,RelatedTo,我需要无人机能够在恶劣气候条件下运行
我希望无人机能够进行地质勘探的快速测量，并通过激光雷达获取地质构造的高精度三维模型。,RelatedTo,我希望无人机能够搭载专业摄像设备
我希望无人机能够进行地质勘探的快速测量，并通过激光雷达获取地质构造的高精度三维模型。,RelatedTo,我希望无人机能够在海洋环境中飞行
我希望无人机能够进行地质勘探的快速测量，并通过激光雷达获取地质构造的高精度三维模型。,RelatedTo,我需要无人机具备防水功能
我希望无人机能够进行地质勘探的快速测量，并通过激光雷达获取地质构造的高精度三维模型。,RelatedTo,我希望无人机能够支持实时监控
我希望无人机能够进行地质勘探的快速测量，并通过激光雷达获取地质构造的高精度三维模型。,RelatedTo,我希望无人机具备长时间巡航能力
我希望无人机能够进行地质勘探的快速测量，并通过激光雷达获取地质构造的高精度三维模型。,RelatedTo,我需要无人机能够检测环境污染
我希望无人机能够进行地质勘探的快速测量，并通过激光雷达获取地质构造的高精度三维模型。,RelatedTo,我希望无人机能够进行夜间飞行
我希望无人机能够进行地质勘探的快速测量，并通过激光雷达获取地质构造的高精度三维模型。,RelatedTo,我需要无人机具备障碍物避让功能
我希望无人机能够进行地质勘探的快速测量，并通过激光雷达获取地质构造的高精度三维模型。,RelatedTo,我希望无人机能够在复杂地形中飞行
我希望无人机能够进行地质勘探的快速测量，并通过激光雷达获取地质构造的高精度三维模型。,RelatedTo,我需要无人机能够在恶劣气候条件下运行
我需要无人机能够进行空中摄影测量，并生成城市地貌和建筑物的高精度三维模型,RelatedTo,我希望无人机能够搭载专业摄像设备
我需要无人机能够进行空中摄影测量，并生成城市地貌和建筑物的高精度三维模型,RelatedTo,我希望无人机能够在海洋环境中飞行
我需要无人机能够进行空中摄影测量，并生成城市地貌和建筑物的高精度三维模型,RelatedTo,我需要无人机具备防水功能
我需要无人机能够进行空中摄影测量，并生成城市地貌和建筑物的高精度三维模型,RelatedTo,我希望无人机能够支持实时监控
我需要无人机能够进行空中摄影测量，并生成城市地貌和建筑物的高精度三维模型,RelatedTo,我希望无人机具备长时间巡航能力
我需要无人机能够进行空中摄影测量，并生成城市地貌和建筑物的高精度三维模型,RelatedTo,我需要无人机能够检测环境污染
我需要无人机能够进行空中摄影测量，并生成城市地貌和建筑物的高精度三维模型,RelatedTo,我希望无人机能够进行夜间飞行
我需要无人机能够进行空中摄影测量，并生成城市地貌和建筑物的高精度三维模型,RelatedTo,我需要无人机具备障碍物避让功能
我需要无人机能够进行空中摄影测量，并生成城市地貌和建筑物的高精度三维模型,RelatedTo,我希望无人机能够在复杂地形中飞行
我需要无人机能够进行空中摄影测量，并生成城市地貌和建筑物的高精度三维模型,RelatedTo,我需要无人机能够在恶劣气候条件下运行
我希望无人机能够巡航并监控重要场所，具备夜视摄像功能,RelatedTo,我希望无人机能够搭载专业摄像设备
我希望无人机能够巡航并监控重要场所，具备夜视摄像功能,RelatedTo,我希望无人机能够在海洋环境中飞行
我希望无人机能够巡航并监控重要场所，具备夜视摄像功能,RelatedTo,我需要无人机具备防水功能
我希望无人机能够巡航并监控重要场所，具备夜视摄像功能,RelatedTo,我希望无人机能够支持实时监控
我希望无人机能够巡航并监控重要场所，具备夜视摄像功能,RelatedTo,我希望无人机具备长时间巡航能力
我希望无人机能够巡航并监控重要场所，具备夜视摄像功能,RelatedTo,我需要无人机能够检测环境污染
我希望无人机能够巡航并监控重要场所，具备夜视摄像功能,RelatedTo,我希望无人机能够进行夜间飞行
我希望无人机能够巡航并监控重要场所，具备夜视摄像功能,RelatedTo,我需要无人机具备障碍物避让功能
我希望无人机能够巡航并监控重要场所，具备夜视摄像功能,RelatedTo,我希望无人机能够在复杂地形中飞行
我希望无人机能够巡航并监控重要场所，具备夜视摄像功能,RelatedTo,我需要无人机能够在恶劣气候条件下运行
我需要无人机能够低空飞行，并具备作物识别和成长监测功能,RelatedTo,我希望无人机能够搭载专业摄像设备
我需要无人机能够低空飞行，并具备作物识别和成长监测功能,RelatedTo,我希望无人机能够在海洋环境中飞行
我需要无人机能够低空飞行，并具备作物识别和成长监测功能,RelatedTo,我需要无人机具备防水功能
我需要无人机能够低空飞行，并具备作物识别和成长监测功能,RelatedTo,我希望无人机能够支持实时监控
我需要无人机能够低空飞行，并具备作物识别和成长监测功能,RelatedTo,我希望无人机具备长时间巡航能力
我需要无人机能够低空飞行，并具备作物识别和成长监测功能,RelatedTo,我需要无人机能够检测环境污染
我需要无人机能够低空飞行，并具备作物识别和成长监测功能,RelatedTo,我希望无人机能够进行夜间飞行
我需要无人机能够低空飞行，并具备作物识别和成长监测功能,RelatedTo,我需要无人机具备障碍物避让功能
我需要无人机能够低空飞行，并具备作物识别和成长监测功能,RelatedTo,我希望无人机能够在复杂地形中飞行
我需要无人机能够低空飞行，并具备作物识别和成长监测功能,RelatedTo,我需要无人机能够在恶劣气候条件下运行
我希望无人机能够飞越高压输电线路，并搭载红外热成像仪,RelatedTo,我希望无人机能够搭载专业摄像设备
我希望无人机能够飞越高压输电线路，并搭载红外热成像仪,RelatedTo,我希望无人机能够在海洋环境中飞行
我希望无人机能够飞越高压输电线路，并搭载红外热成像仪,RelatedTo,我需要无人机具备防水功能
我希望无人机能够飞越高压输电线路，并搭载红外热成像仪,RelatedTo,我希望无人机能够支持实时监控
我希望无人机能够飞越高压输电线路，并搭载红外热成像仪,RelatedTo,我希望无人机具备长时间巡航能力
我希望无人机能够飞越高压输电线路，并搭载红外热成像仪,RelatedTo,我需要无人机能够检测环境污染
我希望无人机能够飞越高压输电线路，并搭载红外热成像仪,RelatedTo,我希望无人机能够进行夜间飞行
我希望无人机能够飞越高压输电线路，并搭载红外热成像仪,RelatedTo,我需要无人机具备障碍物避让功能
我希望无人机能够飞越高压输电线路，并搭载红外热成像仪,RelatedTo,我希望无人机能够在复杂地形中飞行
我希望无人机能够飞越高压输电线路，并搭载红外热成像仪,RelatedTo,我需要无人机能够在恶劣气候条件下运行
我需要无人机能够在海上飞行，并具备油污检测功能,RelatedTo,我希望无人机能够搭载专业摄像设备
我需要无人机能够在海上飞行，并具备油污检测功能,RelatedTo,我希望无人机能够在海洋环境中飞行
我需要无人机能够在海上飞行，并具备油污检测功能,RelatedTo,我需要无人机具备防水功能
我需要无人机能够在海上飞行，并具备油污检测功能,RelatedTo,我希望无人机能够支持实时监控
我需要无人机能够在海上飞行，并具备油污检测功能,RelatedTo,我希望无人机具备长时间巡航能力
我需要无人机能够在海上飞行，并具备油污检测功能,RelatedTo,我需要无人机能够检测环境污染
我需要无人机能够在海上飞行，并具备油污检测功能,RelatedTo,我希望无人机能够进行夜间飞行
我需要无人机能够在海上飞行，并具备油污检测功能,RelatedTo,我需要无人机具备障碍物避让功能
我需要无人机能够在海上飞行，并具备油污检测功能,RelatedTo,我希望无人机能够在复杂地形中飞行
我需要无人机能够在海上飞行，并具备油污检测功能,RelatedTo,我需要无人机能够在恶劣气候条件下运行
我希望无人机能够在风暴中飞行，并搭载风速测量仪器,RelatedTo,我希望无人机能够搭载专业摄像设备
我希望无人机能够在风暴中飞行，并搭载风速测量仪器,RelatedTo,我希望无人机能够在海洋环境中飞行
我希望无人机能够在风暴中飞行，并搭载风速测量仪器,RelatedTo,我需要无人机具备防水功能
我希望无人机能够在风暴中飞行，并搭载风速测量仪器,RelatedTo,我希望无人机能够支持实时监控
我希望无人机能够在风暴中飞行，并搭载风速测量仪器,RelatedTo,我希望无人机具备长时间巡航能力
我希望无人机能够在风暴中飞行，并搭载风速测量仪器,RelatedTo,我需要无人机能够检测环境污染
我希望无人机能够在风暴中飞行，并搭载风速测量仪器,RelatedTo,我希望无人机能够进行夜间飞行
我希望无人机能够在风暴中飞行，并搭载风速测量仪器,RelatedTo,我需要无人机具备障碍物避让功能
我希望无人机能够在风暴中飞行，并搭载风速测量仪器,RelatedTo,我希望无人机能够在复杂地形中飞行
我希望无人机能够在风暴中飞行，并搭载风速测量仪器,RelatedTo,我需要无人机能够在恶劣气候条件下运行
我需要无人机能够自主导航并根据预设的区域进行海洋生物的观测和研究工作。,RelatedTo,我需要无人机能够自主导航并根据预设的区域进行海洋生物的观测和研究工作。
我希望无人机能够自主导航并根据预设的巡逻路径进行城市安全监控和犯罪预防。,RelatedTo,我希望无人机能够自主导航并根据预设的巡逻路径进行城市安全监控和犯罪预防。
我需要无人机能够根据预设的农田边界和灌溉需求自主飞行,RelatedTo,我需要无人机能够根据预设的农田边界和灌溉需求自主飞行
我希望无人机能够自主导航并根据事故区域进行搜索和救援任务,RelatedTo,我希望无人机能够自主导航并根据事故区域进行搜索和救援任务
我需要无人机能够自主导航并根据预设的路况信息进行交通监测和拥堵疏导工作。,RelatedTo,我需要无人机能够自主导航并根据预设的路况信息进行交通监测和拥堵疏导工作。
我希望无人机能够自主导航并按照预设的巡检路线飞行,RelatedTo,我希望无人机能够自主导航并按照预设的巡检路线飞行
我需要无人机能够自主导航并根据预设的区域进行空气质量和污染物监测,RelatedTo,我需要无人机能够自主导航并根据预设的区域进行空气质量和污染物监测
我希望无人机能够自主导航并根据预设的路径进行航拍和摄影,RelatedTo,我希望无人机能够自主导航并根据预设的路径进行航拍和摄影
我需要无人机能够自主导航并根据预设的区域进行水质监测和水资源调查,RelatedTo,我需要无人机能够自主导航并根据预设的区域进行水质监测和水资源调查
我希望无人机能够自主导航并根据预设的航线进行海上巡逻和海事监管工作。,RelatedTo,我希望无人机能够自主导航并根据预设的航线进行海上巡逻和海事监管工作。
我需要无人机能够自主导航并根据预设的区域进行野生动植物保护和栖息地监测工作。,RelatedTo,我需要无人机能够自主导航并根据预设的区域进行野生动植物保护和栖息地监测工作。
我希望无人机能够自主导航并根据预设的农田边界进行作物生长监测和病虫害防治工作。,RelatedTo,我希望无人机能够自主导航并根据预设的农田边界进行作物生长监测和病虫害防治工作。
我需要无人机能够自主导航并根据预设的区域进行地质灾害监测和预警工作。,RelatedTo,我需要无人机能够自主导航并根据预设的区域进行地质灾害监测和预警工作。
我希望无人机能够自主导航并根据预设的航线进行海洋气象观测和天气预报工作。,RelatedTo,我希望无人机能够自主导航并根据预设的航线进行海洋气象观测和天气预报工作。
我需要无人机能够自主导航并根据预设的巡检路线进行航空器的检修和维护工作。,RelatedTo,我需要无人机能够自主导航并根据预设的巡检路线进行航空器的检修和维护工作。
我希望无人机能够自主导航并根据预设的区域进行野生动物保护和监测工作。,RelatedTo,我希望无人机能够自主导航并根据预设的区域进行野生动物保护和监测工作。
我需要无人机能够自主导航并根据预设的区域进行城市发展和用地规划的空中勘测和测量工作。,RelatedTo,我需要无人机能够自主导航并根据预设的区域进行城市发展和用地规划的空中勘测和测量工作。
我希望无人机能够自主导航并根据事故场景进行救援和灾害评估工作。,RelatedTo,我希望无人机能够自主导航并根据事故场景进行救援和灾害评估工作。
我需要无人机能够自主导航并根据预设的线路进行电力设备的巡检和维护工作。,RelatedTo,我需要无人机能够自主导航并根据预设的线路进行电力设备的巡检和维护工作。
我希望无人机能够自主导航并根据预设的路径进行矿区勘测和资源调查工作。,RelatedTo,我希望无人机能够自主导航并根据预设的路径进行矿区勘测和资源调查工作。
