Subject,Predicate,Fuzzy,Object
US1,Defines,0.57,以便拍摄出清晰、震撼的航拍照片和视频
US2,Defines,0.67,便在火灾现场进行空中侦查和监测火势的蔓延情况。
US3,Defines,0.93,便进行精确的植保喷洒工作，帮助防治农田病虫害。
US4,Defines,0.94,帮助检测电线杆的损坏和缺陷，并及时进行维修。
US5,Defines,0.71,便实时监测交通拥堵情况，并及时采取交通疏导措施。
US6,Defines,0.82,便在旅行中拍摄到壮丽的风景照片和视频。
US7,Defines,0.74,帮助进行地质勘探和勘察矿藏资源的工作。
US8,Defines,0.99,便进行搜救行动，并及时发现被困人员的位置。
US9,Defines,0.97,帮助检测建筑物外墙的损坏和结构安全性。
US10,Defines,0.5,便绘制出准确的地形地貌图和测量数据。
US11,Defines,0.54,帮助监测并预警地震、洪水等自然灾害的发生。
US12,Defines,0.43,便实时报道重大新闻事件和现场情况。
US13,Defines,0.37,帮助进行地质构造的勘探和研究工作。
US14,Defines,0.09,便收集和分析环境污染物的数据。
US15,Defines,0.22,帮助检测农田的作物生长情况和病虫害情况。
US16,Defines,0.13,帮助调查海洋生态系统和海底地貌。
US17,Defines,0.12,帮助收集和分析气象数据，提供准确的天气预报信息。
US18,Defines,0.01,帮助生成精确的城市地理信息和规划模型。
US19,Defines,0.76,便在海面上进行搜索和救援行动，并快速定位被困人员的位置。
US20,Defines,0.68,帮助监测森林火灾的风险和蔓延情况。
US21,Defines,0.07,便进行飞行器的性能测试和飞行控制系统的优化。
US22,Defines,0.38,帮助观测和研究海洋生物。
US23,Defines,0.43,便收集污染物的样本进行分析。
US25,Defines,0.3,辅助规划设计工作。
US26,Defines,0.1,提高安全监控的效果和范围。
US27,Defines,0.57,帮助实施精准农业管理。
US28,Defines,0.53,帮助检测电力设备的异常和隐患。
US29,Defines,0.1,帮助监测和应对海上油污事件。
US30,Defines,0.8,帮助研究和预测风暴的发展和路径。
US31,Defines,0.31,加强对海上安全的监控和巡逻。
US32,Defines,0.02,帮助快速评估地震损害情况。
US33,Defines,0.59,帮助及早发现和控制森林火灾。
US34,Defines,0.1,辅助城市巡逻和犯罪侦查工作。
US35,Defines,0.06,帮助监测和管理渔业资源。
US36,Defines,0.84,辅助环境保护工作。
US37,Defines,0.85,帮助监测和保护野生动物。
US38,Defines,0.48,便进行农作物的生长状况和营养需求分析。
US39,Defines,0.25,帮助监测水体质量和水生态系统的健康状况。
US41,Defines,0.88,帮助监测生态系统的变化和演化。
US42,Defines,0.35,帮助研究和管理海洋渔业资源。
US43,Defines,0.63,帮助监测和预警洪水灾害。
US44,Defines,0.58,帮助勘探和研究地下资源。
US45,Defines,0.3,帮助评估道路拥堵和优化交通规划。
US46,Defines,0.7,帮助及早控制森林火灾。
US47,Defines,0.93,帮助生成精确的建筑物模型和测量数据。
US48,Defines,0.81,帮助预警和救援工作。
US49,Defines,0.79,帮助监测和保护海洋生态系统的健康状况。
US50,Defines,0.55,帮助设计和评估城市景观项目。
US51,Defines,0.45,帮助监测和评估环境污染的程度。
US52,Defines,0.63,帮助生成精确的地图和地理数据。
US53,Defines,0.33,帮助评估农作物的损失和赔偿。
US54,Defines,0.51,帮助收集海洋气象数据和预测海洋天气变化。
US55,Defines,0.33,帮助监控港口安全和识别可疑活动。
US56,Defines,0.62,帮助检测电力设备的故障和热点。
US57,Defines,0.37,帮助监测和保护野生动物种群。
US58,Defines,0.64,帮助生成详细的城市地图和规划模型。
US59,Defines,0.05,帮助搜索和救援被困人员。
US60,Defines,0.81,帮助收集和分析环境中的气体和颗粒物。
US61,Defines,0.23,帮助监测交通流量和优化交通信号控制。
US62,Defines,0.12,帮助观测和研究海洋生物及其栖息地。
US63,Defines,0.49,辅助城市安全监控和事件应对。
US64,Defines,0.77,帮助实施精准农业和合理施肥。
US65,Defines,0.09,帮助检测电力设备的异常和故障。
US66,Defines,0.27,帮助收集海洋气象数据和研究气候变化。
US67,Defines,0.08,帮助监控船舶交通和维护港口安全。
US68,Defines,0.57,帮助监测和评估环境污染的程度和来源。
US69,Defines,0.46,帮助监测和保护水体的质量和生态系统。
US70,Defines,0.35,拍摄出精美的航拍照片和视频。
US71,Defines,0.59,帮助监测和保护野生动物物种。
US72,Defines,0.38,帮助生成精确的建筑物模型和测量数据。
US73,Defines,0.1,便快速、高效地运送重量较大的物品和货物。
US74,Defines,0.02,便进行农田的精准喷洒农药和肥料。
US75,Defines,0.28,搭载科学仪器和设备，帮助进行野生动物的研究和监测工作。
US76,Defines,0.4,便在灾害和紧急情况下进行救援和物资投送。
US77,Defines,0.1,帮助在高处进行建筑施工和维修。
US78,Defines,0.12,便拍摄高质量的航拍照片和影片。
US79,Defines,0.46,帮助进行地质勘探和研究工作。
US80,Defines,0.15,帮助进行海洋科学研究和监测。
US81,Defines,0.05,帮助进行电力设备的安装和维护工作。
US82,Defines,0.29,帮助监测环境污染和采集环境数据。
US83,Defines,0.58,搭载侦察设备和通信设备，帮助进行军事侦察和通信任务。
US84,Defines,0.73,便在火灾现场进行灭火和救援工作。
US85,Defines,0.06,帮助进行农田的数据采集和分析。
US86,Defines,0.68,帮助进行采矿作业和资源勘探。
US87,Defines,0.7,搭载航道标志设备和测量设备，帮助进行航道维护和测量工作。
US88,Defines,0.61,帮助进行农田的精确灌溉和水资源管理。
US89,Defines,0.89,帮助进行地质灾害的监测和预警工作。
US90,Defines,0.51,帮助进行海洋资源调查和研究。
US91,Defines,0.98,搭载城市监控设备和传感器，帮助进行城市安全监测和管理工作。
US92,Defines,0.42,帮助进行建筑设计和结构分析工作。
US93,Defines,0.51,帮助检测电力设备的异常和故障。
US94,Defines,0.09,帮助监测和评估环境污染情况。
US95,Defines,0.61,帮助进行海洋工程勘测和建设工作。
US96,Defines,0.16,便准确地找到目的地并完成货物的送达任务。
US97,Defines,0.85,帮助生成精确的地图和地形数据。
US98,Defines,0.15,拍摄旅行途中的美景照片和视频。
US101,Defines,0.4,监测交通流量和道路状况。
US103,Defines,0.79,辅助进行地质勘探和资源调查。
US105,Defines,0.4,帮助进行建筑工地的监督和安全检查。
US110,Defines,0.76,进行故障排查和维修工作。
US113,Defines,0.85,实现农田的精准灌溉和水资源的合理利用。
US114,Defines,0.34,提高救援效率和准确性。
US116,Defines,0.31,帮助检测电力设备的状态和安全隐患。
US117,Defines,0.81,帮助保护环境和人民健康。
US118,Defines,0.31,辅助城市景观规划和设计工作。
US119,Defines,0.2,帮助合理利用和保护水资源。
航空摄影师,Proposes,0.71,我希望无人机能够稳定飞行，并具备高分辨率摄像功能
航空摄影师,Proposes,0.12,我希望无人机能够进行高空摄影，并具备稳定飞行和高分辨率摄像功能
航空摄影师,Proposes,0.5,我需要能够远程遥控无人机的飞行和摄影功能
航空摄影师,Proposes,0.45,我需要无人机能够搭载专业摄像设备，拍摄出震撼人心的航空摄影作品。
消防员,Proposes,0.42,我希望无人机具备快速起飞和灵活机动的能力
消防员,Proposes,0.93,我希望无人机能够搭载灭火设备和救生器材，具备足够的载荷能力
消防员,Proposes,0.68,我希望无人机能够自主导航并按照预设的路径进行火场侦查和救援工作。
消防员,Proposes,0.11,我希望能够远程遥控无人机的飞行和火场监测功能
消防员,Proposes,0.72,我希望无人机具备高度稳定的飞行控制系统
消防员,Proposes,0.84,我需要无人机配备紧急救援设备投放系统
消防员,Proposes,0.83,我希望无人机的救援装备投放系统具备高可靠性和精准性
农民,Proposes,0.86,我希望无人机能够高空飞行
农民,Proposes,0.2,我希望无人机的电池寿命能够长久并具备可靠的充电和更换系统
电力巡检员,Proposes,0.33,我需要无人机能够在复杂的电力线路中飞行
电力巡检员,Proposes,0.55,我希望无人机能够飞越高压输电线路，并搭载红外热成像仪
电力巡检员,Proposes,0.67,我需要无人机能够在高压输电线路上飞行，并具备红外热成像功能
电力巡检员,Proposes,0.66,我需要无人机能够搭载红外热成像仪和电力检测设备，具备较大的载荷能力
电力巡检员,Proposes,0.25,我需要无人机能够根据预设的巡检路线自主飞行，并完成对电力设备的检查和记录。
电力巡检员,Proposes,0.95,我希望能够远程遥控无人机的飞行和检测功能
电力巡检员,Proposes,0.44,我希望无人机的红外热成像和电力检测设备具备高可靠性
交通管理员,Proposes,0.7,我希望无人机能够高空飞行，并具备高清摄像功能
交通管理员,Proposes,0.51,我需要无人机能够自主导航并按照预设的路径巡航
交通管理员,Proposes,0.75,我希望无人机具备危险物品识别和警示功能
旅行摄影爱好者,Proposes,0.91,我希望无人机具备长飞行时间和稳定的飞行控制
地质勘探工程师,Proposes,0.54,我需要无人机具备高精度定位和悬停能力
地质勘探工程师,Proposes,0.3,我需要无人机具备远程控制和自主飞行能力
地质勘探工程师,Proposes,0.99,我希望无人机能够进行地质勘探的快速测量，并通过激光雷达获取地质构造的高精度三维模型。
地质勘探工程师,Proposes,0.23,我希望无人机能够在复杂地形中飞行，并搭载地质雷达
地质勘探工程师,Proposes,0.78,我需要无人机能够搭载地质勘探设备，具备足够的载荷能力
地质勘探工程师,Proposes,0.53,我需要无人机能够根据预设的勘探路径自主导航
地质勘探工程师,Proposes,0.34,我需要能够远程遥控无人机的飞行和勘探功能
救援队员,Proposes,0.74,我希望无人机能够在恶劣环境下飞行
建筑检测员,Proposes,0.86,我需要无人机具备高空飞行和高分辨率摄像功能
地理勘测员,Proposes,0.61,我希望无人机能够进行精确的测量和制图工作
地理勘测员,Proposes,0.68,我希望无人机能够进行地形测量，并搭载全球定位系统
地理勘测员,Proposes,0.24,我需要无人机能够自主导航并按照预定路径完成航拍任务
自然灾害预警员,Proposes,0.26,我需要无人机能够快速起飞和高空巡航
新闻记者,Proposes,0.49,我希望无人机能够高空飞行，并搭载实时直播摄像功能
新闻记者,Proposes,0.48,我需要无人机具备实时摄像功能
环境保护志愿者,Proposes,0.94,我希望无人机能够高空飞行并具备空气采样功能
农业技术顾问,Proposes,0.05,我需要无人机能够低空飞行并具备热成像摄像功能
海洋调查员,Proposes,0.1,我希望无人机能够在海面上飞行，并具备水下摄像功能
气象学研究员,Proposes,0.98,我需要无人机能够高空飞行并具备气象传感器
城市规划师,Proposes,0.18,我希望无人机能够高空飞行并具备三维建模功能
城市规划师,Proposes,0.13,我需要无人机能够进行空中摄影测量，并生成城市地貌和建筑物的高精度三维模型
城市规划师,Proposes,0.71,我希望无人机能够进行空中测绘，并搭载高分辨率摄像功能
城市规划师,Proposes,0.5,我需要无人机能够自主导航并根据预设的规划范围进行空中测绘和规划分析。
城市规划师,Proposes,0.17,我需要无人机能够自主导航并根据预设的区域进行城市发展和用地规划的空中勘测和测量工作。
城市规划师,Proposes,0.96,我希望无人机能够自主导航并根据预设的区域进行城市土地利用和用地评估的空中勘测工作。
城市规划师,Proposes,0.49,我需要能够远程遥控无人机的飞行和城市规划勘测功能
城市规划师,Proposes,0.81,我希望无人机能够拍摄城市规划和城市发展的航拍影像
城市规划师,Proposes,0.33,我希望无人机的续航能力能够支持长时间的航拍勘测
城市规划师,Proposes,0.59,我希望无人机的遥感和测绘设备具备高可靠性
海上救援人员,Proposes,0.85,我需要无人机具备远程控制和自主飞行能力
海上救援人员,Proposes,0.58,我希望无人机能够自主导航并根据事故区域进行搜索和救援任务
森林管理员,Proposes,0.23,我希望无人机能够飞越茂密的树冠，并具备红外线摄像功能
航空工程师,Proposes,0.05,我需要无人机具备高度保持和稳定飞行的能力
海洋生物学家,Proposes,0.17,我希望无人机能够在海洋上空飞行，并具备高清摄像和声纳探测功能
环境监测员,Proposes,0.06,我需要无人机能够在污染区域飞行，并搭载空气采样器
环境监测员,Proposes,0.42,我需要无人机能够在污染源周围飞行，并搭载气体传感器
环境监测员,Proposes,0.66,我需要无人机能够自主导航并根据预设的区域进行空气质量和污染物监测
环境监测员,Proposes,0.48,我需要无人机具备较长的续航能力
环境监测员,Proposes,0.1,我需要无人机的传感器和数据采集系统具备高可靠性
安保人员,Proposes,0.08,我希望无人机能够巡航并监控重要场所，具备夜视摄像功能
安保人员,Proposes,0.89,我需要无人机配备高清摄像设备和实时传输功能
农田管理者,Proposes,0.36,我需要无人机能够低空飞行，并具备作物识别和成长监测功能
农田管理者,Proposes,0.09,我希望无人机能够进行植物生长监测，并搭载多光谱传感器
农田管理者,Proposes,0.2,我希望无人机能够自主导航并根据预设的区域进行农作物的生长监测和土壤肥力评估工作。
农田管理者,Proposes,0.45,我希望能够远程遥控无人机的飞行和植物喷洒功能
海上油田工程师,Proposes,0.76,我需要无人机能够在海上飞行，并具备油污检测功能
气象学家,Proposes,0.98,我希望无人机能够在风暴中飞行，并搭载风速测量仪器
船舶巡逻员,Proposes,0.84,我需要无人机能够在海面上飞行，并具备船舶识别和监测功能
船舶巡逻员,Proposes,0.81,我希望无人机能够自主导航并根据预设的航线进行海上巡逻和海事监管工作。
地震工程师,Proposes,0.54,我希望无人机能够在地震灾区飞行，并具备地震监测传感器
林业保护员,Proposes,0.37,我需要无人机能够飞越茂密的森林，并具备火点探测功能
城市巡逻警察,Proposes,0.37,我希望无人机能够在城市中飞行，并具备高清摄像功能
城市巡逻警察,Proposes,0.88,我希望无人机能够自主导航并根据预设的巡逻路径进行城市安全监控和犯罪预防。
城市巡逻警察,Proposes,0.89,我需要能够远程遥控无人机的飞行和城市安全监控功能
渔业资源管理者,Proposes,0.98,我需要无人机能够在海面上飞行，并搭载鱼群探测仪器
环境保护官员,Proposes,0.15,我希望无人机能够在污染区域飞行，并具备空气采样和污染源定位功能
环境保护官员,Proposes,0.46,我希望无人机能够在污染源周围飞行，并搭载空气采样器
环境保护官员,Proposes,0.46,我需要无人机能够自主导航并根据预设的区域进行野生动植物保护和栖息地监测工作。
环境保护官员,Proposes,0.3,我需要能够远程遥控无人机的飞行和环境监测功能
环境保护官员,Proposes,0.71,我希望无人机具备防水和防尘性能
野生动物保护员,Proposes,0.07,我需要无人机能够在野生动物栖息地飞行，并搭载红外热成像仪
野生动物保护员,Proposes,0.59,我需要无人机能够在野生动物栖息地飞行，并搭载红外热成像功能
野生动物保护员,Proposes,0.12,我希望能够远程遥控无人机的飞行和野生动物监测功能
野生动物保护员,Proposes,0.88,我需要能够远程遥控无人机的飞行和野生动物监测功能
野生动物保护员,Proposes,0.04,我需要无人机的动物跟踪和监测设备具备高可靠性
农业科学家,Proposes,0.59,我希望无人机能够进行农田植被测量，并搭载多光谱传感器
农业科学家,Proposes,0.9,我需要无人机能够搭载农业传感器和采样设备，具备较大的载荷能力
农业科学家,Proposes,0.94,我希望无人机能够自主导航并根据预设的农田边界进行作物生长监测和病虫害防治工作。
农业科学家,Proposes,0.36,我需要能够远程遥控无人机的飞行和作物监测功能
农业科学家,Proposes,0.93,我需要无人机能够拍摄农田和农作物的高清照片
农业科学家,Proposes,0.8,我需要无人机的农作物监测和喷洒设备具备高可靠性
水资源管理者,Proposes,0.12,我需要无人机能够在水域上飞行，并具备水质监测仪器
水资源管理者,Proposes,0.43,我需要无人机能够自主导航并根据预设的区域进行水质监测和水资源调查
水资源管理者,Proposes,0.72,我希望能够远程遥控无人机的飞行和水质监测功能
水资源管理者,Proposes,0.58,我需要能够远程遥控无人机的飞行和水质监测功能。
水资源管理者,Proposes,0.77,我需要能够远程遥控无人机的飞行和水质监测功能
航空器维修员,Proposes,0.86,我希望无人机能够自动进行巡检，并通过高清摄像功能帮助检测飞机表面的损伤和结构问题。
环境生态学家,Proposes,0.5,我需要无人机能够在复杂的自然环境中飞行，并具备多光谱成像功能
海洋渔业研究员,Proposes,0.83,我希望无人机能够在海上飞行，并搭载渔群探测仪器
海洋渔业研究员,Proposes,0.73,我需要无人机能够自主导航并根据预设的渔场进行鱼群调查和渔业资源评估工作。
海洋渔业研究员,Proposes,0.15,我希望能够远程遥控无人机的飞行和渔业资源调查功能
防汛抗洪人员,Proposes,0.08,我需要无人机能够在洪水区域飞行，并具备红外热成像功能
城市交通规划师,Proposes,0.57,我需要无人机能够在城市道路上飞行，并具备交通流量监测功能
森林防火人员,Proposes,0.86,我希望无人机能够在森林中飞行，并具备火点探测功能和高压水枪
森林防火人员,Proposes,0.63,我需要无人机能够自主导航并根据预设的区域进行森林火灾监测和预警工作。
森林防火人员,Proposes,0.18,我需要无人机具备较长的续航能力
建筑工程师,Proposes,1,我需要无人机能够进行建筑物测量，并搭载激光测距仪
建筑工程师,Proposes,0.6,我希望无人机能够进行建筑物测量，并搭载激光扫描仪
建筑工程师,Proposes,0.79,我需要无人机能够搭载建筑材料和工具，具备足够的载荷能力
建筑工程师,Proposes,0.09,我需要能够远程遥控无人机的飞行和建筑材料运输功能
地质灾害预警员,Proposes,0.79,我希望无人机能够在灾害区域飞行，并具备地质雷达和热成像摄像功能
地质灾害预警员,Proposes,0.91,我需要无人机能够自主导航并根据预设的区域进行地质灾害监测和预警工作。
地质灾害预警员,Proposes,0.57,我希望无人机的地质监测和预警设备具备高可靠性
海洋生态保护员,Proposes,0.17,我需要无人机能够在海上飞行，并搭载水下摄像功能
海洋生态保护员,Proposes,0.55,我希望无人机能够自主导航并根据预设的海域进行海洋生态系统的监测和保护工作。
海洋生态保护员,Proposes,0.18,我需要能够远程遥控无人机的飞行和海洋生态监测功能
城市景观设计师,Proposes,0.65,我希望无人机能够进行空中摄影测量，并搭载高分辨率摄像功能
城市景观设计师,Proposes,0.09,我希望无人机能够自主导航并根据预设的路径进行航拍和摄影
农业保险调查员,Proposes,0.96,我需要无人机能够低空飞行，并具备高分辨率摄像功能
海洋气象学家,Proposes,0.49,我希望无人机能够在海面上飞行，并搭载气象传感器
海洋气象学家,Proposes,0.55,我希望无人机能够自主导航并根据预设的航线进行海洋气象观测和天气预报工作。
港口安全人员,Proposes,0.17,我需要无人机能够在港口区域飞行，并具备高清摄像功能
港口安全人员,Proposes,0.45,我需要无人机能够自主导航并根据预设的航线进行港口安全监测和船舶巡逻工作。
电力设备维修员,Proposes,0.63,我希望无人机能够飞越高压输电线路，并搭载红外热成像仪
野生动物保护志愿者,Proposes,0.81,我需要无人机能够在野生动物栖息地飞行，并具备红外热成像功能
野生动物保护志愿者,Proposes,0.86,我希望无人机能够自主导航并根据预设的区域进行野生动物保护和监测工作。
灾害救援人员,Proposes,0.35,我需要无人机能够在灾区飞行，并具备红外热成像功能
灾害救援人员,Proposes,0.12,我希望无人机能够自主导航并根据事故场景进行救援和灾害评估工作。
环境研究员,Proposes,0.65,我希望无人机能够在复杂的环境中飞行，并具备空气采样功能
交通管理者,Proposes,0.35,我需要无人机能够在道路上空飞行，并具备交通监测功能
海洋生物研究员,Proposes,0.85,我希望无人机能够在海上飞行，并搭载水下摄像功能
海洋生物研究员,Proposes,0.87,我需要无人机能够自主导航并根据预设的区域进行海洋生物的观测和研究工作。
海洋生物研究员,Proposes,0.16,我需要能够远程遥控无人机的飞行和海洋观测功能
城市安全管理者,Proposes,0.71,我需要无人机能够在城市区域飞行，并具备高清摄像功能
海洋气候学家,Proposes,0.57,我希望无人机能够在海面上飞行，并搭载气象传感器
海洋气候学家,Proposes,0.3,我需要能够远程遥控无人机的飞行和气象观测功能
港口管理者,Proposes,0.12,我需要无人机能够在港口区域飞行，并具备船舶识别功能
港口管理者,Proposes,0.32,我希望能够远程遥控无人机的飞行和船舶监测功能
物流经理,Proposes,0.36,我需要无人机具备较大的载荷能力
农业工作者,Proposes,0.36,我希望无人机能够搭载喷洒设备，具备足够的载荷能力
农业工作者,Proposes,0.3,我希望无人机能够根据预设的农田边界自主飞行，并进行农作物的生长监测和管理。
野生动物研究员,Proposes,0.44,我需要无人机具备足够的载荷能力
救援人员,Proposes,0.33,我希望无人机能够搭载救生设备和物资，具备较大的载荷能力
救援人员,Proposes,0.73,我需要能够远程遥控无人机的飞行和携带救援设备的能力
摄影师,Proposes,0.47,我希望无人机能够搭载专业摄影设备，具备足够的载荷能力
海洋研究员,Proposes,0.5,我希望无人机能够搭载海洋观测设备和探测器，具备较大的载荷能力
海洋研究员,Proposes,0.3,我希望无人机能够自主导航并按照预设的航线进行海洋观测和数据收集。
电力工程师,Proposes,0.21,我需要无人机能够搭载电力设备和工具，具备足够的载荷能力
电力工程师,Proposes,0.42,我需要无人机能够自主导航并根据预设的线路进行电力设备的巡检和维护工作。
电力工程师,Proposes,0.17,我希望能够远程遥控无人机的飞行和电力巡检功能
电力工程师,Proposes,0.86,我需要能够远程遥控无人机的飞行和电力设备检修功能
环境保护人员,Proposes,0.58,我希望无人机能够搭载环境监测设备，具备足够的载荷能力
环境保护人员,Proposes,0.75,我希望无人机能够自主导航并根据预设的区域进行环境监测和采样工作。
环境保护人员,Proposes,0.33,我需要无人机能够自主导航并根据预设的区域进行野生动物保护和栖息地监测工作。
环境保护人员,Proposes,0.97,我希望能够远程遥控无人机的飞行和环境监测功能
军事人员,Proposes,0.14,我需要无人机具备较大的载荷能力
军事人员,Proposes,0.27,我希望能够远程遥控无人机的飞行和侦察功能
军事人员,Proposes,0.92,我需要无人机具备加密和抗干扰的通信系统
军事人员,Proposes,0.58,我需要无人机的通信和数据链路系统具备高度可靠性和抗干扰能力
采矿工程师,Proposes,0.56,我希望无人机能够搭载采矿设备和工具，具备足够的载荷能力
采矿工程师,Proposes,0.07,我希望无人机能够自主导航并根据预设的路径进行矿区勘测和资源调查工作。
港口工作人员,Proposes,0.69,我需要无人机具备较大的载荷能力
农田灌溉工程师,Proposes,0.87,我希望无人机能够搭载灌溉设备和传感器，具备足够的载荷能力
农田灌溉工程师,Proposes,0.74,我需要无人机能够根据预设的农田边界和灌溉需求自主飞行
农田灌溉工程师,Proposes,0.38,我希望无人机能够根据预设的农田边界自主飞行，并进行农田的精准灌溉和水资源的合理利用。
农田灌溉工程师,Proposes,0.49,我需要能够远程遥控无人机的飞行和灌溉调控功能
地质勘测工程师,Proposes,0.95,我需要无人机能够搭载地震勘测设备和传感器，具备足够的载荷能力
地质勘测工程师,Proposes,0.28,我希望无人机能够自主导航并根据预设的地质勘测线路进行地下资源的勘探和评估工作。
地质勘测工程师,Proposes,0.05,我希望能够远程遥控无人机的飞行和地质勘测功能
海洋资源研究员,Proposes,0.08,我希望无人机能够搭载海洋生物采样设备和海洋底质采集器，具备较大的载荷能力
海洋资源研究员,Proposes,0.42,我希望能够远程遥控无人机的飞行和海洋生物采样功能
城市管理人员,Proposes,0.34,我需要无人机具备较大的载荷能力
建筑设计师,Proposes,0.89,我希望无人机能够搭载建筑结构模拟器和测量设备，具备足够的载荷能力
建筑设计师,Proposes,0.31,我希望无人机能够自主导航并根据预设的区域进行建筑物的立面测量和模型生成工作。
建筑设计师,Proposes,0.16,我需要能够远程遥控无人机的飞行和建筑结构测量功能
建筑设计师,Proposes,0.01,我希望能够远程遥控无人机的飞行和建筑结构测量功能
环境监察员,Proposes,0.15,我希望无人机能够搭载空气质量监测仪器和噪音检测设备，具备足够的载荷能力
环境监察员,Proposes,0.09,我需要无人机能够自主导航并根据预设的区域进行环境污染和废物排放的监测和取证工作。
环境监察员,Proposes,0.96,我需要能够远程遥控无人机的飞行和环境监测功能
环境监察员,Proposes,0.53,我希望无人机的环境采样和监测设备具备高可靠性
海洋工程师,Proposes,0.75,我需要无人机能够搭载海洋观测设备和海底探测器，具备较大的载荷能力
物流配送员,Proposes,0.07,我希望无人机具备自主导航能力
物流配送员,Proposes,0.09,我需要无人机具备较长的续航能力
旅行者,Proposes,0.2,我希望无人机能够根据预设的导航点自主飞行
护林员,Proposes,0.57,我希望无人机能够自主导航，并按照预设的巡逻范围进行森林监测和火灾预警。
建筑监理员,Proposes,0.88,我需要无人机能够自主导航并按照预设的巡检路线飞行
地震灾害监测员,Proposes,0.18,我需要无人机能够自主导航并按照预设的路径进行地震监测和数据采集。
电力维修工程师,Proposes,0.05,我希望无人机能够自主导航并按照预设的路径巡检输电线路和设备
城市交通管理者,Proposes,0.33,我需要无人机能够自主导航并根据预设的路况信息进行交通监测和拥堵疏导工作。
城市交通管理者,Proposes,0.41,我希望能够远程遥控无人机的飞行和交通监测功能
电力巡查员,Proposes,0.05,我希望无人机能够自主导航并按照预设的巡检路线飞行
航空器维护员,Proposes,0.97,我需要无人机能够自主导航并根据预设的巡检路线进行航空器的检修和维护工作。
航空器维护员,Proposes,0.43,我需要能够远程遥控无人机的飞行和航空器维修功能
航空器维护员,Proposes,0.35,我希望能够远程遥控无人机的飞行和航空器维修功能
我希望无人机能够高空飞行,RelatedTo,0.02,高空飞行
我希望无人机能够高空飞行,Achieves,0.1,高空飞行
我需要无人机能够在复杂的电力线路中飞行,RelatedTo,0.11,复杂线路飞行
我需要无人机能够在复杂的电力线路中飞行,RelatedTo,0.36,避障能力
我需要无人机能够在复杂的电力线路中飞行,Achieves,0.68,复杂线路飞行
我需要无人机能够在复杂的电力线路中飞行,Achieves,0.04,避障能力
我希望无人机能够高空飞行，并具备高清摄像功能,RelatedTo,0.04,高空飞行
我希望无人机能够高空飞行，并具备高清摄像功能,RelatedTo,0.87,高清摄像
我希望无人机能够高空飞行，并具备高清摄像功能,Achieves,0.99,高空飞行
我希望无人机能够高空飞行，并具备高清摄像功能,Achieves,0.06,高清摄像
我希望无人机具备长飞行时间和稳定的飞行控制,RelatedTo,0.88,长续航
我希望无人机具备长飞行时间和稳定的飞行控制,RelatedTo,0.02,稳定飞行控制
我希望无人机具备长飞行时间和稳定的飞行控制,Achieves,0.81,长续航
我希望无人机具备长飞行时间和稳定的飞行控制,Achieves,0.33,稳定飞行控制
我需要无人机具备高精度定位和悬停能力,RelatedTo,0.69,高精度定位
我需要无人机具备高精度定位和悬停能力,RelatedTo,0.51,悬停能力
我需要无人机具备高精度定位和悬停能力,Achieves,0.01,高精度定位
我需要无人机具备高精度定位和悬停能力,Achieves,0.23,悬停能力
我希望无人机能够在恶劣环境下飞行,RelatedTo,0.69,耐高温低温
我希望无人机能够在恶劣环境下飞行,RelatedTo,0.99,抗风雨能力
我希望无人机能够在恶劣环境下飞行,Achieves,0.62,耐高温低温
我希望无人机能够在恶劣环境下飞行,Achieves,0.04,抗风雨能力
我需要无人机具备高空飞行和高分辨率摄像功能,RelatedTo,0.52,高分辨率摄像
我需要无人机具备高空飞行和高分辨率摄像功能,RelatedTo,0.44,高空飞行
我需要无人机具备高空飞行和高分辨率摄像功能,Achieves,0.01,高分辨率摄像
我需要无人机具备高空飞行和高分辨率摄像功能,Achieves,0.1,高空飞行
我希望无人机能够进行精确的测量和制图工作,RelatedTo,0.21,精确测量
我希望无人机能够进行精确的测量和制图工作,RelatedTo,0.39,制图功能
我希望无人机能够进行精确的测量和制图工作,Achieves,0.37,精确测量
我希望无人机能够进行精确的测量和制图工作,Achieves,0.41,制图功能
我需要无人机能够快速起飞和高空巡航,RelatedTo,0.74,我希望无人机能够搭载专业摄像设备
我需要无人机能够快速起飞和高空巡航,RelatedTo,0.93,我希望无人机能够在海洋环境中飞行
我需要无人机能够快速起飞和高空巡航,RelatedTo,0.66,我需要无人机具备防水功能
我需要无人机能够快速起飞和高空巡航,RelatedTo,0.28,我希望无人机能够支持实时监控
我需要无人机能够快速起飞和高空巡航,RelatedTo,0.53,我希望无人机具备长时间巡航能力
我需要无人机能够快速起飞和高空巡航,RelatedTo,0.57,我需要无人机能够检测环境污染
我需要无人机能够快速起飞和高空巡航,RelatedTo,0.05,我希望无人机能够进行夜间飞行
我需要无人机能够快速起飞和高空巡航,RelatedTo,0.92,我需要无人机具备障碍物避让功能
我需要无人机能够快速起飞和高空巡航,RelatedTo,0.2,我希望无人机能够在复杂地形中飞行
我需要无人机能够快速起飞和高空巡航,RelatedTo,0.3,我需要无人机能够在恶劣气候条件下运行
我需要无人机能够快速起飞和高空巡航,RelatedTo,0.36,快速起飞
我需要无人机能够快速起飞和高空巡航,RelatedTo,0.84,高空巡航
我需要无人机能够快速起飞和高空巡航,Achieves,0.13,快速起飞
我需要无人机能够快速起飞和高空巡航,Achieves,0.27,高空巡航
我希望无人机能够高空飞行，并搭载实时直播摄像功能,RelatedTo,0.54,我希望无人机能够搭载专业摄像设备
我希望无人机能够高空飞行，并搭载实时直播摄像功能,RelatedTo,0.17,我希望无人机能够在海洋环境中飞行
我希望无人机能够高空飞行，并搭载实时直播摄像功能,RelatedTo,0.46,我需要无人机具备防水功能
我希望无人机能够高空飞行，并搭载实时直播摄像功能,RelatedTo,0.41,我希望无人机能够支持实时监控
我希望无人机能够高空飞行，并搭载实时直播摄像功能,RelatedTo,1,我希望无人机具备长时间巡航能力
我希望无人机能够高空飞行，并搭载实时直播摄像功能,RelatedTo,0.99,我需要无人机能够检测环境污染
我希望无人机能够高空飞行，并搭载实时直播摄像功能,RelatedTo,0.08,我希望无人机能够进行夜间飞行
我希望无人机能够高空飞行，并搭载实时直播摄像功能,RelatedTo,0.47,我需要无人机具备障碍物避让功能
我希望无人机能够高空飞行，并搭载实时直播摄像功能,RelatedTo,0.14,我希望无人机能够在复杂地形中飞行
我希望无人机能够高空飞行，并搭载实时直播摄像功能,RelatedTo,0.66,我需要无人机能够在恶劣气候条件下运行
我希望无人机能够高空飞行，并搭载实时直播摄像功能,RelatedTo,0.2,高空飞行
我希望无人机能够高空飞行，并搭载实时直播摄像功能,RelatedTo,0.19,实时直播摄像
我希望无人机能够高空飞行，并搭载实时直播摄像功能,Achieves,0.1,高空飞行
我希望无人机能够高空飞行，并搭载实时直播摄像功能,Achieves,0.72,实时直播摄像
我需要无人机具备远程控制和自主飞行能力,RelatedTo,0.39,我希望无人机能够搭载专业摄像设备
我需要无人机具备远程控制和自主飞行能力,RelatedTo,0.67,我希望无人机能够在海洋环境中飞行
我需要无人机具备远程控制和自主飞行能力,RelatedTo,0.9,我需要无人机具备防水功能
我需要无人机具备远程控制和自主飞行能力,RelatedTo,0.31,我希望无人机能够支持实时监控
我需要无人机具备远程控制和自主飞行能力,RelatedTo,0.32,我希望无人机具备长时间巡航能力
我需要无人机具备远程控制和自主飞行能力,RelatedTo,0.65,我需要无人机能够检测环境污染
我需要无人机具备远程控制和自主飞行能力,RelatedTo,0.14,我希望无人机能够进行夜间飞行
我需要无人机具备远程控制和自主飞行能力,RelatedTo,0.28,我需要无人机具备障碍物避让功能
我需要无人机具备远程控制和自主飞行能力,RelatedTo,0.31,我希望无人机能够在复杂地形中飞行
我需要无人机具备远程控制和自主飞行能力,RelatedTo,0.06,我需要无人机能够在恶劣气候条件下运行
我希望无人机能够高空飞行并具备空气采样功能,RelatedTo,0.93,我希望无人机能够搭载专业摄像设备
我希望无人机能够高空飞行并具备空气采样功能,RelatedTo,0.8,我希望无人机能够在海洋环境中飞行
我希望无人机能够高空飞行并具备空气采样功能,RelatedTo,0.72,我需要无人机具备防水功能
我希望无人机能够高空飞行并具备空气采样功能,RelatedTo,0.17,我希望无人机能够支持实时监控
我希望无人机能够高空飞行并具备空气采样功能,RelatedTo,0.86,我希望无人机具备长时间巡航能力
我希望无人机能够高空飞行并具备空气采样功能,RelatedTo,0.62,我需要无人机能够检测环境污染
我希望无人机能够高空飞行并具备空气采样功能,RelatedTo,0.77,我希望无人机能够进行夜间飞行
我希望无人机能够高空飞行并具备空气采样功能,RelatedTo,0.99,我需要无人机具备障碍物避让功能
我希望无人机能够高空飞行并具备空气采样功能,RelatedTo,0.48,我希望无人机能够在复杂地形中飞行
我希望无人机能够高空飞行并具备空气采样功能,RelatedTo,0.15,我需要无人机能够在恶劣气候条件下运行
我需要无人机能够低空飞行并具备热成像摄像功能,RelatedTo,0.03,我希望无人机能够搭载专业摄像设备
我需要无人机能够低空飞行并具备热成像摄像功能,RelatedTo,0.27,我希望无人机能够在海洋环境中飞行
我需要无人机能够低空飞行并具备热成像摄像功能,RelatedTo,0.97,我需要无人机具备防水功能
我需要无人机能够低空飞行并具备热成像摄像功能,RelatedTo,0.43,我希望无人机能够支持实时监控
我需要无人机能够低空飞行并具备热成像摄像功能,RelatedTo,0.31,我希望无人机具备长时间巡航能力
我需要无人机能够低空飞行并具备热成像摄像功能,RelatedTo,0.36,我需要无人机能够检测环境污染
我需要无人机能够低空飞行并具备热成像摄像功能,RelatedTo,0.68,我希望无人机能够进行夜间飞行
我需要无人机能够低空飞行并具备热成像摄像功能,RelatedTo,0.96,我需要无人机具备障碍物避让功能
我需要无人机能够低空飞行并具备热成像摄像功能,RelatedTo,0.74,我希望无人机能够在复杂地形中飞行
我需要无人机能够低空飞行并具备热成像摄像功能,RelatedTo,0.76,我需要无人机能够在恶劣气候条件下运行
我希望无人机能够在海面上飞行，并具备水下摄像功能,RelatedTo,0.7,我希望无人机能够搭载专业摄像设备
我希望无人机能够在海面上飞行，并具备水下摄像功能,RelatedTo,0.05,我希望无人机能够在海洋环境中飞行
我希望无人机能够在海面上飞行，并具备水下摄像功能,RelatedTo,0.57,我需要无人机具备防水功能
我希望无人机能够在海面上飞行，并具备水下摄像功能,RelatedTo,0.18,我希望无人机能够支持实时监控
我希望无人机能够在海面上飞行，并具备水下摄像功能,RelatedTo,0.73,我希望无人机具备长时间巡航能力
我希望无人机能够在海面上飞行，并具备水下摄像功能,RelatedTo,0.64,我需要无人机能够检测环境污染
我希望无人机能够在海面上飞行，并具备水下摄像功能,RelatedTo,0.31,我希望无人机能够进行夜间飞行
我希望无人机能够在海面上飞行，并具备水下摄像功能,RelatedTo,0.6,我需要无人机具备障碍物避让功能
我希望无人机能够在海面上飞行，并具备水下摄像功能,RelatedTo,0.31,我希望无人机能够在复杂地形中飞行
我希望无人机能够在海面上飞行，并具备水下摄像功能,RelatedTo,0.15,我需要无人机能够在恶劣气候条件下运行
我需要无人机能够高空飞行并具备气象传感器,RelatedTo,0.47,我希望无人机能够搭载专业摄像设备
我需要无人机能够高空飞行并具备气象传感器,RelatedTo,0.63,我希望无人机能够在海洋环境中飞行
我需要无人机能够高空飞行并具备气象传感器,RelatedTo,0.8,我需要无人机具备防水功能
我需要无人机能够高空飞行并具备气象传感器,RelatedTo,0.77,我希望无人机能够支持实时监控
我需要无人机能够高空飞行并具备气象传感器,RelatedTo,0.4,我希望无人机具备长时间巡航能力
我需要无人机能够高空飞行并具备气象传感器,RelatedTo,0.88,我需要无人机能够检测环境污染
我需要无人机能够高空飞行并具备气象传感器,RelatedTo,0.15,我希望无人机能够进行夜间飞行
我需要无人机能够高空飞行并具备气象传感器,RelatedTo,0.12,我需要无人机具备障碍物避让功能
我需要无人机能够高空飞行并具备气象传感器,RelatedTo,0,我希望无人机能够在复杂地形中飞行
我需要无人机能够高空飞行并具备气象传感器,RelatedTo,0.29,我需要无人机能够在恶劣气候条件下运行
我希望无人机能够高空飞行并具备三维建模功能,RelatedTo,0.69,我希望无人机能够搭载专业摄像设备
我希望无人机能够高空飞行并具备三维建模功能,RelatedTo,0.78,我希望无人机能够在海洋环境中飞行
我希望无人机能够高空飞行并具备三维建模功能,RelatedTo,0.49,我需要无人机具备防水功能
我希望无人机能够高空飞行并具备三维建模功能,RelatedTo,0.61,我希望无人机能够支持实时监控
我希望无人机能够高空飞行并具备三维建模功能,RelatedTo,0.56,我希望无人机具备长时间巡航能力
我希望无人机能够高空飞行并具备三维建模功能,RelatedTo,0.68,我需要无人机能够检测环境污染
我希望无人机能够高空飞行并具备三维建模功能,RelatedTo,0.36,我希望无人机能够进行夜间飞行
我希望无人机能够高空飞行并具备三维建模功能,RelatedTo,0.68,我需要无人机具备障碍物避让功能
我希望无人机能够高空飞行并具备三维建模功能,RelatedTo,0.02,我希望无人机能够在复杂地形中飞行
我希望无人机能够高空飞行并具备三维建模功能,RelatedTo,0.3,我需要无人机能够在恶劣气候条件下运行
我希望无人机能够飞越茂密的树冠，并具备红外线摄像功能,RelatedTo,0.77,我希望无人机能够搭载专业摄像设备
我希望无人机能够飞越茂密的树冠，并具备红外线摄像功能,RelatedTo,0.67,我希望无人机能够在海洋环境中飞行
我希望无人机能够飞越茂密的树冠，并具备红外线摄像功能,RelatedTo,0.89,我需要无人机具备防水功能
我希望无人机能够飞越茂密的树冠，并具备红外线摄像功能,RelatedTo,0.3,我希望无人机能够支持实时监控
我希望无人机能够飞越茂密的树冠，并具备红外线摄像功能,RelatedTo,0.72,我希望无人机具备长时间巡航能力
我希望无人机能够飞越茂密的树冠，并具备红外线摄像功能,RelatedTo,0.97,我需要无人机能够检测环境污染
我希望无人机能够飞越茂密的树冠，并具备红外线摄像功能,RelatedTo,0,我希望无人机能够进行夜间飞行
我希望无人机能够飞越茂密的树冠，并具备红外线摄像功能,RelatedTo,0.88,我需要无人机具备障碍物避让功能
我希望无人机能够飞越茂密的树冠，并具备红外线摄像功能,RelatedTo,0.75,我希望无人机能够在复杂地形中飞行
我希望无人机能够飞越茂密的树冠，并具备红外线摄像功能,RelatedTo,0.08,我需要无人机能够在恶劣气候条件下运行
我希望无人机能够飞越茂密的树冠，并具备红外线摄像功能,Achieves,0.21,飞越树冠
我希望无人机能够飞越茂密的树冠，并具备红外线摄像功能,Achieves,0.66,红外线摄像
我需要无人机具备高度保持和稳定飞行的能力,RelatedTo,0.13,我希望无人机能够搭载专业摄像设备
我需要无人机具备高度保持和稳定飞行的能力,RelatedTo,0.89,我希望无人机能够在海洋环境中飞行
我需要无人机具备高度保持和稳定飞行的能力,RelatedTo,0.33,我需要无人机具备防水功能
我需要无人机具备高度保持和稳定飞行的能力,RelatedTo,0.32,我希望无人机能够支持实时监控
我需要无人机具备高度保持和稳定飞行的能力,RelatedTo,0.61,我希望无人机具备长时间巡航能力
我需要无人机具备高度保持和稳定飞行的能力,RelatedTo,0.59,我需要无人机能够检测环境污染
我需要无人机具备高度保持和稳定飞行的能力,RelatedTo,0.65,我希望无人机能够进行夜间飞行
我需要无人机具备高度保持和稳定飞行的能力,RelatedTo,0.35,我需要无人机具备障碍物避让功能
我需要无人机具备高度保持和稳定飞行的能力,RelatedTo,0.18,我希望无人机能够在复杂地形中飞行
我需要无人机具备高度保持和稳定飞行的能力,RelatedTo,0.76,我需要无人机能够在恶劣气候条件下运行
我需要无人机具备高度保持和稳定飞行的能力,Achieves,0.68,高度保持
我需要无人机具备高度保持和稳定飞行的能力,Achieves,0.88,稳定飞行
我希望无人机能够在海洋上空飞行，并具备高清摄像和声纳探测功能,RelatedTo,0.75,我希望无人机能够搭载专业摄像设备
我希望无人机能够在海洋上空飞行，并具备高清摄像和声纳探测功能,RelatedTo,0.04,我希望无人机能够在海洋环境中飞行
我希望无人机能够在海洋上空飞行，并具备高清摄像和声纳探测功能,RelatedTo,0.08,我需要无人机具备防水功能
我希望无人机能够在海洋上空飞行，并具备高清摄像和声纳探测功能,RelatedTo,0.23,我希望无人机能够支持实时监控
我希望无人机能够在海洋上空飞行，并具备高清摄像和声纳探测功能,RelatedTo,0.89,我希望无人机具备长时间巡航能力
我希望无人机能够在海洋上空飞行，并具备高清摄像和声纳探测功能,RelatedTo,0.29,我需要无人机能够检测环境污染
我希望无人机能够在海洋上空飞行，并具备高清摄像和声纳探测功能,RelatedTo,0.44,我希望无人机能够进行夜间飞行
我希望无人机能够在海洋上空飞行，并具备高清摄像和声纳探测功能,RelatedTo,0.66,我需要无人机具备障碍物避让功能
我希望无人机能够在海洋上空飞行，并具备高清摄像和声纳探测功能,RelatedTo,0.61,我希望无人机能够在复杂地形中飞行
我希望无人机能够在海洋上空飞行，并具备高清摄像和声纳探测功能,RelatedTo,0.09,我需要无人机能够在恶劣气候条件下运行
我希望无人机能够在海洋上空飞行，并具备高清摄像和声纳探测功能,Achieves,0.55,高清摄像
我希望无人机能够在海洋上空飞行，并具备高清摄像和声纳探测功能,Achieves,0.18,海洋上空飞行
我希望无人机能够在海洋上空飞行，并具备高清摄像和声纳探测功能,Achieves,0.68,声纳探测
我需要无人机能够在污染区域飞行，并搭载空气采样器,RelatedTo,0.93,我希望无人机能够搭载专业摄像设备
我需要无人机能够在污染区域飞行，并搭载空气采样器,RelatedTo,0.9,我希望无人机能够在海洋环境中飞行
我需要无人机能够在污染区域飞行，并搭载空气采样器,RelatedTo,0.63,我需要无人机具备防水功能
我需要无人机能够在污染区域飞行，并搭载空气采样器,RelatedTo,0.92,我希望无人机能够支持实时监控
我需要无人机能够在污染区域飞行，并搭载空气采样器,RelatedTo,0.75,我希望无人机具备长时间巡航能力
我需要无人机能够在污染区域飞行，并搭载空气采样器,RelatedTo,0.66,我需要无人机能够检测环境污染
我需要无人机能够在污染区域飞行，并搭载空气采样器,RelatedTo,0.9,我希望无人机能够进行夜间飞行
我需要无人机能够在污染区域飞行，并搭载空气采样器,RelatedTo,0.3,我需要无人机具备障碍物避让功能
我需要无人机能够在污染区域飞行，并搭载空气采样器,RelatedTo,0.39,我希望无人机能够在复杂地形中飞行
我需要无人机能够在污染区域飞行，并搭载空气采样器,RelatedTo,0.94,我需要无人机能够在恶劣气候条件下运行
我需要无人机能够在污染区域飞行，并搭载空气采样器,Achieves,0.55,污染区域飞行
我需要无人机能够在污染区域飞行，并搭载空气采样器,Achieves,0.39,空气采样器
我希望无人机能够进行地质勘探的快速测量，并通过激光雷达获取地质构造的高精度三维模型。,RelatedTo,0.69,我希望无人机能够搭载专业摄像设备
我希望无人机能够进行地质勘探的快速测量，并通过激光雷达获取地质构造的高精度三维模型。,RelatedTo,0.27,我希望无人机能够在海洋环境中飞行
我希望无人机能够进行地质勘探的快速测量，并通过激光雷达获取地质构造的高精度三维模型。,RelatedTo,0.38,我需要无人机具备防水功能
我希望无人机能够进行地质勘探的快速测量，并通过激光雷达获取地质构造的高精度三维模型。,RelatedTo,0.54,我希望无人机能够支持实时监控
我希望无人机能够进行地质勘探的快速测量，并通过激光雷达获取地质构造的高精度三维模型。,RelatedTo,0.09,我希望无人机具备长时间巡航能力
我希望无人机能够进行地质勘探的快速测量，并通过激光雷达获取地质构造的高精度三维模型。,RelatedTo,0.74,我需要无人机能够检测环境污染
我希望无人机能够进行地质勘探的快速测量，并通过激光雷达获取地质构造的高精度三维模型。,RelatedTo,0.87,我希望无人机能够进行夜间飞行
我希望无人机能够进行地质勘探的快速测量，并通过激光雷达获取地质构造的高精度三维模型。,RelatedTo,0.78,我需要无人机具备障碍物避让功能
我希望无人机能够进行地质勘探的快速测量，并通过激光雷达获取地质构造的高精度三维模型。,RelatedTo,0.64,我希望无人机能够在复杂地形中飞行
我希望无人机能够进行地质勘探的快速测量，并通过激光雷达获取地质构造的高精度三维模型。,RelatedTo,0.53,我需要无人机能够在恶劣气候条件下运行
我需要无人机能够进行空中摄影测量，并生成城市地貌和建筑物的高精度三维模型,RelatedTo,0.55,我希望无人机能够搭载专业摄像设备
我需要无人机能够进行空中摄影测量，并生成城市地貌和建筑物的高精度三维模型,RelatedTo,0.68,我希望无人机能够在海洋环境中飞行
我需要无人机能够进行空中摄影测量，并生成城市地貌和建筑物的高精度三维模型,RelatedTo,0.75,我需要无人机具备防水功能
我需要无人机能够进行空中摄影测量，并生成城市地貌和建筑物的高精度三维模型,RelatedTo,0.19,我希望无人机能够支持实时监控
我需要无人机能够进行空中摄影测量，并生成城市地貌和建筑物的高精度三维模型,RelatedTo,0.83,我希望无人机具备长时间巡航能力
我需要无人机能够进行空中摄影测量，并生成城市地貌和建筑物的高精度三维模型,RelatedTo,0.97,我需要无人机能够检测环境污染
我需要无人机能够进行空中摄影测量，并生成城市地貌和建筑物的高精度三维模型,RelatedTo,0.62,我希望无人机能够进行夜间飞行
我需要无人机能够进行空中摄影测量，并生成城市地貌和建筑物的高精度三维模型,RelatedTo,0.99,我需要无人机具备障碍物避让功能
我需要无人机能够进行空中摄影测量，并生成城市地貌和建筑物的高精度三维模型,RelatedTo,0.64,我希望无人机能够在复杂地形中飞行
我需要无人机能够进行空中摄影测量，并生成城市地貌和建筑物的高精度三维模型,RelatedTo,0.48,我需要无人机能够在恶劣气候条件下运行
我需要无人机能够进行空中摄影测量，并生成城市地貌和建筑物的高精度三维模型,Achieves,0.54,空中摄影测量
我需要无人机能够进行空中摄影测量，并生成城市地貌和建筑物的高精度三维模型,Achieves,0.36,城市三维建模
我希望无人机能够巡航并监控重要场所，具备夜视摄像功能,RelatedTo,0.24,我希望无人机能够搭载专业摄像设备
我希望无人机能够巡航并监控重要场所，具备夜视摄像功能,RelatedTo,0.99,我希望无人机能够在海洋环境中飞行
我希望无人机能够巡航并监控重要场所，具备夜视摄像功能,RelatedTo,0.33,我需要无人机具备防水功能
我希望无人机能够巡航并监控重要场所，具备夜视摄像功能,RelatedTo,0.2,我希望无人机能够支持实时监控
我希望无人机能够巡航并监控重要场所，具备夜视摄像功能,RelatedTo,0.47,我希望无人机具备长时间巡航能力
我希望无人机能够巡航并监控重要场所，具备夜视摄像功能,RelatedTo,0.15,我需要无人机能够检测环境污染
我希望无人机能够巡航并监控重要场所，具备夜视摄像功能,RelatedTo,0.79,我希望无人机能够进行夜间飞行
我希望无人机能够巡航并监控重要场所，具备夜视摄像功能,RelatedTo,0.06,我需要无人机具备障碍物避让功能
我希望无人机能够巡航并监控重要场所，具备夜视摄像功能,RelatedTo,0.88,我希望无人机能够在复杂地形中飞行
我希望无人机能够巡航并监控重要场所，具备夜视摄像功能,RelatedTo,0.41,我需要无人机能够在恶劣气候条件下运行
我希望无人机能够巡航并监控重要场所，具备夜视摄像功能,Achieves,0.82,巡航监控
我希望无人机能够巡航并监控重要场所，具备夜视摄像功能,Achieves,0.14,夜视摄像
我需要无人机能够低空飞行，并具备作物识别和成长监测功能,RelatedTo,0.94,我希望无人机能够搭载专业摄像设备
我需要无人机能够低空飞行，并具备作物识别和成长监测功能,RelatedTo,0.93,我希望无人机能够在海洋环境中飞行
我需要无人机能够低空飞行，并具备作物识别和成长监测功能,RelatedTo,0.59,我需要无人机具备防水功能
我需要无人机能够低空飞行，并具备作物识别和成长监测功能,RelatedTo,0.77,我希望无人机能够支持实时监控
我需要无人机能够低空飞行，并具备作物识别和成长监测功能,RelatedTo,0.22,我希望无人机具备长时间巡航能力
我需要无人机能够低空飞行，并具备作物识别和成长监测功能,RelatedTo,0.76,我需要无人机能够检测环境污染
我需要无人机能够低空飞行，并具备作物识别和成长监测功能,RelatedTo,0.95,我希望无人机能够进行夜间飞行
我需要无人机能够低空飞行，并具备作物识别和成长监测功能,RelatedTo,0.11,我需要无人机具备障碍物避让功能
我需要无人机能够低空飞行，并具备作物识别和成长监测功能,RelatedTo,0.39,我希望无人机能够在复杂地形中飞行
我需要无人机能够低空飞行，并具备作物识别和成长监测功能,RelatedTo,0.75,我需要无人机能够在恶劣气候条件下运行
我需要无人机能够低空飞行，并具备作物识别和成长监测功能,Achieves,0.87,低空飞行
我需要无人机能够低空飞行，并具备作物识别和成长监测功能,Achieves,0.61,作物识别
我需要无人机能够低空飞行，并具备作物识别和成长监测功能,Achieves,0.36,成长监测
我希望无人机能够飞越高压输电线路，并搭载红外热成像仪,RelatedTo,0.87,我希望无人机能够搭载专业摄像设备
我希望无人机能够飞越高压输电线路，并搭载红外热成像仪,RelatedTo,0.96,我希望无人机能够在海洋环境中飞行
我希望无人机能够飞越高压输电线路，并搭载红外热成像仪,RelatedTo,0.43,我需要无人机具备防水功能
我希望无人机能够飞越高压输电线路，并搭载红外热成像仪,RelatedTo,0.48,我希望无人机能够支持实时监控
我希望无人机能够飞越高压输电线路，并搭载红外热成像仪,RelatedTo,0.34,我希望无人机具备长时间巡航能力
我希望无人机能够飞越高压输电线路，并搭载红外热成像仪,RelatedTo,0.95,我需要无人机能够检测环境污染
我希望无人机能够飞越高压输电线路，并搭载红外热成像仪,RelatedTo,0.92,我希望无人机能够进行夜间飞行
我希望无人机能够飞越高压输电线路，并搭载红外热成像仪,RelatedTo,0.86,我需要无人机具备障碍物避让功能
我希望无人机能够飞越高压输电线路，并搭载红外热成像仪,RelatedTo,0.97,我希望无人机能够在复杂地形中飞行
我希望无人机能够飞越高压输电线路，并搭载红外热成像仪,RelatedTo,0.99,我需要无人机能够在恶劣气候条件下运行
我希望无人机能够飞越高压输电线路，并搭载红外热成像仪,Achieves,0.41,飞越高压输电线路
我希望无人机能够飞越高压输电线路，并搭载红外热成像仪,Achieves,0.26,红外热成像仪
我需要无人机能够在海上飞行，并具备油污检测功能,RelatedTo,0.4,我希望无人机能够搭载专业摄像设备
我需要无人机能够在海上飞行，并具备油污检测功能,RelatedTo,0.75,我希望无人机能够在海洋环境中飞行
我需要无人机能够在海上飞行，并具备油污检测功能,RelatedTo,0.19,我需要无人机具备防水功能
我需要无人机能够在海上飞行，并具备油污检测功能,RelatedTo,0.52,我希望无人机能够支持实时监控
我需要无人机能够在海上飞行，并具备油污检测功能,RelatedTo,0.83,我希望无人机具备长时间巡航能力
我需要无人机能够在海上飞行，并具备油污检测功能,RelatedTo,0.84,我需要无人机能够检测环境污染
我需要无人机能够在海上飞行，并具备油污检测功能,RelatedTo,0.17,我希望无人机能够进行夜间飞行
我需要无人机能够在海上飞行，并具备油污检测功能,RelatedTo,0.33,我需要无人机具备障碍物避让功能
我需要无人机能够在海上飞行，并具备油污检测功能,RelatedTo,0.55,我希望无人机能够在复杂地形中飞行
我需要无人机能够在海上飞行，并具备油污检测功能,RelatedTo,0.09,我需要无人机能够在恶劣气候条件下运行
我需要无人机能够在海上飞行，并具备油污检测功能,Achieves,0.12,海上飞行
我需要无人机能够在海上飞行，并具备油污检测功能,Achieves,0.14,油污检测
我希望无人机能够在风暴中飞行，并搭载风速测量仪器,RelatedTo,0.5,我希望无人机能够搭载专业摄像设备
我希望无人机能够在风暴中飞行，并搭载风速测量仪器,RelatedTo,0.85,我希望无人机能够在海洋环境中飞行
我希望无人机能够在风暴中飞行，并搭载风速测量仪器,RelatedTo,0.24,我需要无人机具备防水功能
我希望无人机能够在风暴中飞行，并搭载风速测量仪器,RelatedTo,0.56,我希望无人机能够支持实时监控
我希望无人机能够在风暴中飞行，并搭载风速测量仪器,RelatedTo,0.57,我希望无人机具备长时间巡航能力
我希望无人机能够在风暴中飞行，并搭载风速测量仪器,RelatedTo,0.46,我需要无人机能够检测环境污染
我希望无人机能够在风暴中飞行，并搭载风速测量仪器,RelatedTo,0.79,我希望无人机能够进行夜间飞行
我希望无人机能够在风暴中飞行，并搭载风速测量仪器,RelatedTo,0.48,我需要无人机具备障碍物避让功能
我希望无人机能够在风暴中飞行，并搭载风速测量仪器,RelatedTo,0.06,我希望无人机能够在复杂地形中飞行
我希望无人机能够在风暴中飞行，并搭载风速测量仪器,RelatedTo,0.37,我需要无人机能够在恶劣气候条件下运行
我需要无人机能够在水域上飞行，并具备水质监测仪器,RelatedTo,0.6,我希望无人机能够搭载专业摄像设备
我需要无人机能够在水域上飞行，并具备水质监测仪器,RelatedTo,0.78,我希望无人机能够在海洋环境中飞行
我需要无人机能够在水域上飞行，并具备水质监测仪器,RelatedTo,0.02,我需要无人机具备防水功能
我需要无人机能够在水域上飞行，并具备水质监测仪器,RelatedTo,0.7,我希望无人机能够支持实时监控
我需要无人机能够在水域上飞行，并具备水质监测仪器,RelatedTo,0.6,我希望无人机具备长时间巡航能力
我需要无人机能够在水域上飞行，并具备水质监测仪器,RelatedTo,0.33,我需要无人机能够检测环境污染
我需要无人机能够在水域上飞行，并具备水质监测仪器,RelatedTo,0.3,我希望无人机能够进行夜间飞行
我需要无人机能够在水域上飞行，并具备水质监测仪器,RelatedTo,0.9,我需要无人机具备障碍物避让功能
我需要无人机能够在水域上飞行，并具备水质监测仪器,RelatedTo,0.21,我希望无人机能够在复杂地形中飞行
我需要无人机能够在水域上飞行，并具备水质监测仪器,RelatedTo,0.57,我需要无人机能够在恶劣气候条件下运行
我需要无人机能够在污染源周围飞行，并搭载气体传感器,RelatedTo,0.58,我希望无人机能够搭载专业摄像设备
我需要无人机能够在污染源周围飞行，并搭载气体传感器,RelatedTo,0.26,我希望无人机能够在海洋环境中飞行
我需要无人机能够在污染源周围飞行，并搭载气体传感器,RelatedTo,0.83,我需要无人机具备防水功能
我需要无人机能够在污染源周围飞行，并搭载气体传感器,RelatedTo,0.66,我希望无人机能够支持实时监控
我需要无人机能够在污染源周围飞行，并搭载气体传感器,RelatedTo,0.57,我希望无人机具备长时间巡航能力
我需要无人机能够在污染源周围飞行，并搭载气体传感器,RelatedTo,0.03,我需要无人机能够检测环境污染
我需要无人机能够在污染源周围飞行，并搭载气体传感器,RelatedTo,0.45,我希望无人机能够进行夜间飞行
我需要无人机能够在污染源周围飞行，并搭载气体传感器,RelatedTo,0.61,我需要无人机具备障碍物避让功能
我需要无人机能够在污染源周围飞行，并搭载气体传感器,RelatedTo,0.35,我希望无人机能够在复杂地形中飞行
我需要无人机能够在污染源周围飞行，并搭载气体传感器,RelatedTo,0.94,我需要无人机能够在恶劣气候条件下运行
我希望无人机能够进行地形测量，并搭载全球定位系统,RelatedTo,0.29,我希望无人机能够搭载专业摄像设备
我希望无人机能够进行地形测量，并搭载全球定位系统,RelatedTo,0.79,我希望无人机能够在海洋环境中飞行
我希望无人机能够进行地形测量，并搭载全球定位系统,RelatedTo,0.12,我需要无人机具备防水功能
我希望无人机能够进行地形测量，并搭载全球定位系统,RelatedTo,0.72,我希望无人机能够支持实时监控
我希望无人机能够进行地形测量，并搭载全球定位系统,RelatedTo,0.22,我希望无人机具备长时间巡航能力
我希望无人机能够进行地形测量，并搭载全球定位系统,RelatedTo,0.6,我需要无人机能够检测环境污染
我希望无人机能够进行地形测量，并搭载全球定位系统,RelatedTo,0.96,我希望无人机能够进行夜间飞行
我希望无人机能够进行地形测量，并搭载全球定位系统,RelatedTo,0.43,我需要无人机具备障碍物避让功能
我希望无人机能够进行地形测量，并搭载全球定位系统,RelatedTo,0.57,我希望无人机能够在复杂地形中飞行
我希望无人机能够进行地形测量，并搭载全球定位系统,RelatedTo,0.33,我需要无人机能够在恶劣气候条件下运行
我需要无人机能够低空飞行，并具备高分辨率摄像功能,RelatedTo,0.25,我希望无人机能够搭载专业摄像设备
我需要无人机能够低空飞行，并具备高分辨率摄像功能,RelatedTo,0.71,我希望无人机能够在海洋环境中飞行
我需要无人机能够低空飞行，并具备高分辨率摄像功能,RelatedTo,0.98,我需要无人机具备防水功能
我需要无人机能够低空飞行，并具备高分辨率摄像功能,RelatedTo,0,我希望无人机能够支持实时监控
我需要无人机能够低空飞行，并具备高分辨率摄像功能,RelatedTo,0.13,我希望无人机具备长时间巡航能力
我需要无人机能够低空飞行，并具备高分辨率摄像功能,RelatedTo,0.18,我需要无人机能够检测环境污染
我需要无人机能够低空飞行，并具备高分辨率摄像功能,RelatedTo,0.05,我希望无人机能够进行夜间飞行
我需要无人机能够低空飞行，并具备高分辨率摄像功能,RelatedTo,0.36,我需要无人机具备障碍物避让功能
我需要无人机能够低空飞行，并具备高分辨率摄像功能,RelatedTo,0.62,我希望无人机能够在复杂地形中飞行
我需要无人机能够低空飞行，并具备高分辨率摄像功能,RelatedTo,0.3,我需要无人机能够在恶劣气候条件下运行
我希望无人机能够在海面上飞行，并搭载气象传感器,RelatedTo,0.2,我希望无人机能够搭载专业摄像设备
我希望无人机能够在海面上飞行，并搭载气象传感器,RelatedTo,0.51,我希望无人机能够在海洋环境中飞行
我希望无人机能够在海面上飞行，并搭载气象传感器,RelatedTo,0.49,我需要无人机具备防水功能
我希望无人机能够在海面上飞行，并搭载气象传感器,RelatedTo,0.72,我希望无人机能够支持实时监控
我希望无人机能够在海面上飞行，并搭载气象传感器,RelatedTo,0.96,我希望无人机具备长时间巡航能力
我希望无人机能够在海面上飞行，并搭载气象传感器,RelatedTo,0.44,我需要无人机能够检测环境污染
我希望无人机能够在海面上飞行，并搭载气象传感器,RelatedTo,0.39,我希望无人机能够进行夜间飞行
我希望无人机能够在海面上飞行，并搭载气象传感器,RelatedTo,0.2,我需要无人机具备障碍物避让功能
我希望无人机能够在海面上飞行，并搭载气象传感器,RelatedTo,0.09,我希望无人机能够在复杂地形中飞行
我希望无人机能够在海面上飞行，并搭载气象传感器,RelatedTo,0.22,我需要无人机能够在恶劣气候条件下运行
我需要无人机能够在港口区域飞行，并具备高清摄像功能,RelatedTo,0.96,我希望无人机能够搭载专业摄像设备
我需要无人机能够在港口区域飞行，并具备高清摄像功能,RelatedTo,0.39,我希望无人机能够在海洋环境中飞行
我需要无人机能够在港口区域飞行，并具备高清摄像功能,RelatedTo,0.07,我需要无人机具备防水功能
我需要无人机能够在港口区域飞行，并具备高清摄像功能,RelatedTo,0.14,我希望无人机能够支持实时监控
我需要无人机能够在港口区域飞行，并具备高清摄像功能,RelatedTo,0.13,我希望无人机具备长时间巡航能力
我需要无人机能够在港口区域飞行，并具备高清摄像功能,RelatedTo,0.44,我需要无人机能够检测环境污染
我需要无人机能够在港口区域飞行，并具备高清摄像功能,RelatedTo,0.98,我希望无人机能够进行夜间飞行
我需要无人机能够在港口区域飞行，并具备高清摄像功能,RelatedTo,0.83,我需要无人机具备障碍物避让功能
我需要无人机能够在港口区域飞行，并具备高清摄像功能,RelatedTo,0.05,我希望无人机能够在复杂地形中飞行
我需要无人机能够在港口区域飞行，并具备高清摄像功能,RelatedTo,0.32,我需要无人机能够在恶劣气候条件下运行
我需要无人机能够在野生动物栖息地飞行，并具备红外热成像功能,RelatedTo,0.55,我希望无人机能够搭载专业摄像设备
我需要无人机能够在野生动物栖息地飞行，并具备红外热成像功能,RelatedTo,0.68,我希望无人机能够在海洋环境中飞行
我需要无人机能够在野生动物栖息地飞行，并具备红外热成像功能,RelatedTo,0.18,我需要无人机具备防水功能
我需要无人机能够在野生动物栖息地飞行，并具备红外热成像功能,RelatedTo,0.22,我希望无人机能够支持实时监控
我需要无人机能够在野生动物栖息地飞行，并具备红外热成像功能,RelatedTo,0.76,我希望无人机具备长时间巡航能力
我需要无人机能够在野生动物栖息地飞行，并具备红外热成像功能,RelatedTo,0.44,我需要无人机能够检测环境污染
我需要无人机能够在野生动物栖息地飞行，并具备红外热成像功能,RelatedTo,0.77,我希望无人机能够进行夜间飞行
我需要无人机能够在野生动物栖息地飞行，并具备红外热成像功能,RelatedTo,0.76,我需要无人机具备障碍物避让功能
我需要无人机能够在野生动物栖息地飞行，并具备红外热成像功能,RelatedTo,0.11,我希望无人机能够在复杂地形中飞行
我需要无人机能够在野生动物栖息地飞行，并具备红外热成像功能,RelatedTo,0.19,我需要无人机能够在恶劣气候条件下运行
我希望无人机能够进行空中测绘，并搭载高分辨率摄像功能,RelatedTo,0.04,我希望无人机能够搭载专业摄像设备
我希望无人机能够进行空中测绘，并搭载高分辨率摄像功能,RelatedTo,0.43,我希望无人机能够在海洋环境中飞行
我希望无人机能够进行空中测绘，并搭载高分辨率摄像功能,RelatedTo,0.08,我需要无人机具备防水功能
我希望无人机能够进行空中测绘，并搭载高分辨率摄像功能,RelatedTo,0.57,我希望无人机能够支持实时监控
我希望无人机能够进行空中测绘，并搭载高分辨率摄像功能,RelatedTo,0.32,我希望无人机具备长时间巡航能力
我希望无人机能够进行空中测绘，并搭载高分辨率摄像功能,RelatedTo,0.8,我需要无人机能够检测环境污染
我希望无人机能够进行空中测绘，并搭载高分辨率摄像功能,RelatedTo,0.93,我希望无人机能够进行夜间飞行
我希望无人机能够进行空中测绘，并搭载高分辨率摄像功能,RelatedTo,0.41,我需要无人机具备障碍物避让功能
我希望无人机能够进行空中测绘，并搭载高分辨率摄像功能,RelatedTo,0.14,我希望无人机能够在复杂地形中飞行
我希望无人机能够进行空中测绘，并搭载高分辨率摄像功能,RelatedTo,0.84,我需要无人机能够在恶劣气候条件下运行
我需要无人机能够在灾区飞行，并具备红外热成像功能,RelatedTo,0.6,我希望无人机能够搭载专业摄像设备
我需要无人机能够在灾区飞行，并具备红外热成像功能,RelatedTo,0.49,我希望无人机能够在海洋环境中飞行
我需要无人机能够在灾区飞行，并具备红外热成像功能,RelatedTo,0.34,我需要无人机具备防水功能
我需要无人机能够在灾区飞行，并具备红外热成像功能,RelatedTo,0.78,我希望无人机能够支持实时监控
我需要无人机能够在灾区飞行，并具备红外热成像功能,RelatedTo,0.05,我希望无人机具备长时间巡航能力
我需要无人机能够在灾区飞行，并具备红外热成像功能,RelatedTo,0.66,我需要无人机能够检测环境污染
我需要无人机能够在灾区飞行，并具备红外热成像功能,RelatedTo,0.89,我希望无人机能够进行夜间飞行
我需要无人机能够在灾区飞行，并具备红外热成像功能,RelatedTo,0.84,我需要无人机具备障碍物避让功能
我需要无人机能够在灾区飞行，并具备红外热成像功能,RelatedTo,0.93,我希望无人机能够在复杂地形中飞行
我需要无人机能够在灾区飞行，并具备红外热成像功能,RelatedTo,0.53,我需要无人机能够在恶劣气候条件下运行
我希望无人机能够在复杂的环境中飞行，并具备空气采样功能,RelatedTo,0.18,我希望无人机能够搭载专业摄像设备
我希望无人机能够在复杂的环境中飞行，并具备空气采样功能,RelatedTo,0.43,我希望无人机能够在海洋环境中飞行
我希望无人机能够在复杂的环境中飞行，并具备空气采样功能,RelatedTo,0.91,我需要无人机具备防水功能
我希望无人机能够在复杂的环境中飞行，并具备空气采样功能,RelatedTo,0.35,我希望无人机能够支持实时监控
我希望无人机能够在复杂的环境中飞行，并具备空气采样功能,RelatedTo,0.29,我希望无人机具备长时间巡航能力
我希望无人机能够在复杂的环境中飞行，并具备空气采样功能,RelatedTo,0.69,我需要无人机能够检测环境污染
我希望无人机能够在复杂的环境中飞行，并具备空气采样功能,RelatedTo,0.68,我希望无人机能够进行夜间飞行
我希望无人机能够在复杂的环境中飞行，并具备空气采样功能,RelatedTo,0.82,我需要无人机具备障碍物避让功能
我希望无人机能够在复杂的环境中飞行，并具备空气采样功能,RelatedTo,0.29,我希望无人机能够在复杂地形中飞行
我希望无人机能够在复杂的环境中飞行，并具备空气采样功能,RelatedTo,0.23,我需要无人机能够在恶劣气候条件下运行
我需要无人机能够在道路上空飞行，并具备交通监测功能,RelatedTo,0.05,我希望无人机能够搭载专业摄像设备
我需要无人机能够在道路上空飞行，并具备交通监测功能,RelatedTo,0.15,我希望无人机能够在海洋环境中飞行
我需要无人机能够在道路上空飞行，并具备交通监测功能,RelatedTo,0.96,我需要无人机具备防水功能
我需要无人机能够在道路上空飞行，并具备交通监测功能,RelatedTo,0.2,我希望无人机能够支持实时监控
我需要无人机能够在道路上空飞行，并具备交通监测功能,RelatedTo,0.13,我希望无人机具备长时间巡航能力
我需要无人机能够在道路上空飞行，并具备交通监测功能,RelatedTo,0.42,我需要无人机能够检测环境污染
我需要无人机能够在道路上空飞行，并具备交通监测功能,RelatedTo,0.53,我希望无人机能够进行夜间飞行
我需要无人机能够在道路上空飞行，并具备交通监测功能,RelatedTo,0.15,我需要无人机具备障碍物避让功能
我需要无人机能够在道路上空飞行，并具备交通监测功能,RelatedTo,0.78,我希望无人机能够在复杂地形中飞行
我需要无人机能够在道路上空飞行，并具备交通监测功能,RelatedTo,0.03,我需要无人机能够在恶劣气候条件下运行
我希望无人机能够在海上飞行，并搭载水下摄像功能,RelatedTo,0.87,我希望无人机能够搭载专业摄像设备
我希望无人机能够在海上飞行，并搭载水下摄像功能,RelatedTo,0.99,我希望无人机能够在海洋环境中飞行
我希望无人机能够在海上飞行，并搭载水下摄像功能,RelatedTo,0.32,我需要无人机具备防水功能
我希望无人机能够在海上飞行，并搭载水下摄像功能,RelatedTo,1,我希望无人机能够支持实时监控
我希望无人机能够在海上飞行，并搭载水下摄像功能,RelatedTo,0.38,我希望无人机具备长时间巡航能力
我希望无人机能够在海上飞行，并搭载水下摄像功能,RelatedTo,0.58,我需要无人机能够检测环境污染
我希望无人机能够在海上飞行，并搭载水下摄像功能,RelatedTo,0.3,我希望无人机能够进行夜间飞行
我希望无人机能够在海上飞行，并搭载水下摄像功能,RelatedTo,0.93,我需要无人机具备障碍物避让功能
我希望无人机能够在海上飞行，并搭载水下摄像功能,RelatedTo,0.51,我希望无人机能够在复杂地形中飞行
我希望无人机能够在海上飞行，并搭载水下摄像功能,RelatedTo,0.45,我需要无人机能够在恶劣气候条件下运行
我需要无人机能够在城市区域飞行，并具备高清摄像功能,RelatedTo,0.01,我希望无人机能够搭载专业摄像设备
我需要无人机能够在城市区域飞行，并具备高清摄像功能,RelatedTo,0.3,我希望无人机能够在海洋环境中飞行
我需要无人机能够在城市区域飞行，并具备高清摄像功能,RelatedTo,0.06,我需要无人机具备防水功能
我需要无人机能够在城市区域飞行，并具备高清摄像功能,RelatedTo,0.9,我希望无人机能够支持实时监控
我需要无人机能够在城市区域飞行，并具备高清摄像功能,RelatedTo,0.07,我希望无人机具备长时间巡航能力
我需要无人机能够在城市区域飞行，并具备高清摄像功能,RelatedTo,0.55,我需要无人机能够检测环境污染
我需要无人机能够在城市区域飞行，并具备高清摄像功能,RelatedTo,0.95,我希望无人机能够进行夜间飞行
我需要无人机能够在城市区域飞行，并具备高清摄像功能,RelatedTo,0.11,我需要无人机具备障碍物避让功能
我需要无人机能够在城市区域飞行，并具备高清摄像功能,RelatedTo,0.31,我希望无人机能够在复杂地形中飞行
我需要无人机能够在城市区域飞行，并具备高清摄像功能,RelatedTo,0.7,我需要无人机能够在恶劣气候条件下运行
我希望无人机能够进行植物生长监测，并搭载多光谱传感器,RelatedTo,0.08,我希望无人机能够搭载专业摄像设备
我希望无人机能够进行植物生长监测，并搭载多光谱传感器,RelatedTo,0.07,我希望无人机能够在海洋环境中飞行
我希望无人机能够进行植物生长监测，并搭载多光谱传感器,RelatedTo,0.7,我需要无人机具备防水功能
我希望无人机能够进行植物生长监测，并搭载多光谱传感器,RelatedTo,0.94,我希望无人机能够支持实时监控
我希望无人机能够进行植物生长监测，并搭载多光谱传感器,RelatedTo,0.15,我希望无人机具备长时间巡航能力
我希望无人机能够进行植物生长监测，并搭载多光谱传感器,RelatedTo,0.23,我需要无人机能够检测环境污染
我希望无人机能够进行植物生长监测，并搭载多光谱传感器,RelatedTo,0.77,我希望无人机能够进行夜间飞行
我希望无人机能够进行植物生长监测，并搭载多光谱传感器,RelatedTo,0.03,我需要无人机具备障碍物避让功能
我希望无人机能够进行植物生长监测，并搭载多光谱传感器,RelatedTo,0.59,我希望无人机能够在复杂地形中飞行
我希望无人机能够进行植物生长监测，并搭载多光谱传感器,RelatedTo,0.75,我需要无人机能够在恶劣气候条件下运行
我需要无人机能够在高压输电线路上飞行，并具备红外热成像功能,RelatedTo,0.79,我希望无人机能够搭载专业摄像设备
我需要无人机能够在高压输电线路上飞行，并具备红外热成像功能,RelatedTo,0.94,我希望无人机能够在海洋环境中飞行
我需要无人机能够在高压输电线路上飞行，并具备红外热成像功能,RelatedTo,0.17,我需要无人机具备防水功能
我需要无人机能够在高压输电线路上飞行，并具备红外热成像功能,RelatedTo,0.93,我希望无人机能够支持实时监控
我需要无人机能够在高压输电线路上飞行，并具备红外热成像功能,RelatedTo,0.82,我希望无人机具备长时间巡航能力
我需要无人机能够在高压输电线路上飞行，并具备红外热成像功能,RelatedTo,0.21,我需要无人机能够检测环境污染
我需要无人机能够在高压输电线路上飞行，并具备红外热成像功能,RelatedTo,0.03,我希望无人机能够进行夜间飞行
我需要无人机能够在高压输电线路上飞行，并具备红外热成像功能,RelatedTo,0.41,我需要无人机具备障碍物避让功能
我需要无人机能够在高压输电线路上飞行，并具备红外热成像功能,RelatedTo,0.67,我希望无人机能够在复杂地形中飞行
我需要无人机能够在高压输电线路上飞行，并具备红外热成像功能,RelatedTo,0.02,我需要无人机能够在恶劣气候条件下运行
我需要无人机能够在港口区域飞行，并具备船舶识别功能,RelatedTo,0.08,我希望无人机能够搭载专业摄像设备
我需要无人机能够在港口区域飞行，并具备船舶识别功能,RelatedTo,0.67,我希望无人机能够在海洋环境中飞行
我需要无人机能够在港口区域飞行，并具备船舶识别功能,RelatedTo,0.25,我需要无人机具备防水功能
我需要无人机能够在港口区域飞行，并具备船舶识别功能,RelatedTo,0.42,我希望无人机能够支持实时监控
我需要无人机能够在港口区域飞行，并具备船舶识别功能,RelatedTo,0.01,我希望无人机具备长时间巡航能力
我需要无人机能够在港口区域飞行，并具备船舶识别功能,RelatedTo,0.7,我需要无人机能够检测环境污染
我需要无人机能够在港口区域飞行，并具备船舶识别功能,RelatedTo,0.1,我希望无人机能够进行夜间飞行
我需要无人机能够在港口区域飞行，并具备船舶识别功能,RelatedTo,0.51,我需要无人机具备障碍物避让功能
我需要无人机能够在港口区域飞行，并具备船舶识别功能,RelatedTo,0.41,我希望无人机能够在复杂地形中飞行
我需要无人机能够在港口区域飞行，并具备船舶识别功能,RelatedTo,0.22,我需要无人机能够在恶劣气候条件下运行
我希望无人机能够在污染源周围飞行，并搭载空气采样器,RelatedTo,0.41,我希望无人机能够搭载专业摄像设备
我希望无人机能够在污染源周围飞行，并搭载空气采样器,RelatedTo,0.45,我希望无人机能够在海洋环境中飞行
我希望无人机能够在污染源周围飞行，并搭载空气采样器,RelatedTo,0.45,我需要无人机具备防水功能
我希望无人机能够在污染源周围飞行，并搭载空气采样器,RelatedTo,0.73,我希望无人机能够支持实时监控
我希望无人机能够在污染源周围飞行，并搭载空气采样器,RelatedTo,0.4,我希望无人机具备长时间巡航能力
我希望无人机能够在污染源周围飞行，并搭载空气采样器,RelatedTo,0.3,我需要无人机能够检测环境污染
我希望无人机能够在污染源周围飞行，并搭载空气采样器,RelatedTo,0.21,我希望无人机能够进行夜间飞行
我希望无人机能够在污染源周围飞行，并搭载空气采样器,RelatedTo,0.03,我需要无人机具备障碍物避让功能
我希望无人机能够在污染源周围飞行，并搭载空气采样器,RelatedTo,0.53,我希望无人机能够在复杂地形中飞行
我希望无人机能够在污染源周围飞行，并搭载空气采样器,RelatedTo,0.39,我需要无人机能够在恶劣气候条件下运行
我希望无人机能够进行高空摄影，并具备稳定飞行和高分辨率摄像功能,RelatedTo,0.75,我希望无人机能够搭载专业摄像设备
我希望无人机能够进行高空摄影，并具备稳定飞行和高分辨率摄像功能,RelatedTo,0.32,我希望无人机能够在海洋环境中飞行
我希望无人机能够进行高空摄影，并具备稳定飞行和高分辨率摄像功能,RelatedTo,0.19,我需要无人机具备防水功能
我希望无人机能够进行高空摄影，并具备稳定飞行和高分辨率摄像功能,RelatedTo,0.9,我希望无人机能够支持实时监控
我希望无人机能够进行高空摄影，并具备稳定飞行和高分辨率摄像功能,RelatedTo,0.14,我希望无人机具备长时间巡航能力
我希望无人机能够进行高空摄影，并具备稳定飞行和高分辨率摄像功能,RelatedTo,0.66,我需要无人机能够检测环境污染
我希望无人机能够进行高空摄影，并具备稳定飞行和高分辨率摄像功能,RelatedTo,0.25,我希望无人机能够进行夜间飞行
我希望无人机能够进行高空摄影，并具备稳定飞行和高分辨率摄像功能,RelatedTo,0.13,我需要无人机具备障碍物避让功能
我希望无人机能够进行高空摄影，并具备稳定飞行和高分辨率摄像功能,RelatedTo,0.53,我希望无人机能够在复杂地形中飞行
我希望无人机能够进行高空摄影，并具备稳定飞行和高分辨率摄像功能,RelatedTo,0.02,我需要无人机能够在恶劣气候条件下运行
我需要无人机能够在野生动物栖息地飞行，并搭载红外热成像功能,RelatedTo,0,我希望无人机能够进行建筑物测量，并搭载激光扫描仪
我需要无人机具备较大的载荷能力,RelatedTo,0.73,我希望无人机能够搭载喷洒设备，具备足够的载荷能力
我需要无人机具备较大的载荷能力,RelatedTo,0.15,我希望无人机能够搭载灭火设备和救生器材，具备足够的载荷能力
我需要无人机具备较大的载荷能力,RelatedTo,0.1,我希望无人机能够搭载灌溉设备和传感器，具备足够的载荷能力
我需要无人机具备足够的载荷能力,RelatedTo,0.64,我希望无人机能够搭载救生设备和物资，具备较大的载荷能力
我需要无人机能够搭载建筑材料和工具，具备足够的载荷能力,RelatedTo,0.03,我希望无人机能够搭载专业摄影设备，具备足够的载荷能力
我需要无人机能够搭载地质勘探设备，具备足够的载荷能力,RelatedTo,0.72,我希望无人机能够搭载海洋观测设备和探测器，具备较大的载荷能力
我需要无人机能够搭载电力设备和工具，具备足够的载荷能力,RelatedTo,0.24,我希望无人机能够搭载环境监测设备，具备足够的载荷能力
我需要无人机能够搭载农业传感器和采样设备，具备较大的载荷能力,RelatedTo,0.09,我希望无人机能够搭载采矿设备和工具，具备足够的载荷能力
我需要无人机能够搭载地震勘测设备和传感器，具备足够的载荷能力,RelatedTo,0.27,我希望无人机能够搭载海洋生物采样设备和海洋底质采集器，具备较大的载荷能力
我需要无人机能够自主导航并根据预设的区域进行海洋生物的观测和研究工作。,RelatedTo,0.99,我需要无人机能够自主导航并根据预设的区域进行海洋生物的观测和研究工作。
我希望无人机能够自主导航并根据预设的巡逻路径进行城市安全监控和犯罪预防。,RelatedTo,0.36,我希望无人机能够自主导航并根据预设的巡逻路径进行城市安全监控和犯罪预防。
我需要无人机能够根据预设的农田边界和灌溉需求自主飞行,RelatedTo,0.63,我需要无人机能够根据预设的农田边界和灌溉需求自主飞行
我希望无人机能够自主导航并根据事故区域进行搜索和救援任务,RelatedTo,0.74,我希望无人机能够自主导航并根据事故区域进行搜索和救援任务
我需要无人机能够自主导航并根据预设的路况信息进行交通监测和拥堵疏导工作。,RelatedTo,0.01,我需要无人机能够自主导航并根据预设的路况信息进行交通监测和拥堵疏导工作。
我希望无人机能够自主导航并按照预设的巡检路线飞行,RelatedTo,0.29,我希望无人机能够自主导航并按照预设的巡检路线飞行
我需要无人机能够自主导航并根据预设的区域进行空气质量和污染物监测,RelatedTo,0.94,我需要无人机能够自主导航并根据预设的区域进行空气质量和污染物监测
我希望无人机能够自主导航并根据预设的路径进行航拍和摄影,RelatedTo,0.77,我希望无人机能够自主导航并根据预设的路径进行航拍和摄影
我需要无人机能够自主导航并根据预设的区域进行水质监测和水资源调查,RelatedTo,0.98,我需要无人机能够自主导航并根据预设的区域进行水质监测和水资源调查
我希望无人机能够自主导航并根据预设的航线进行海上巡逻和海事监管工作。,RelatedTo,0.22,我希望无人机能够自主导航并根据预设的航线进行海上巡逻和海事监管工作。
我需要无人机能够自主导航并根据预设的区域进行野生动植物保护和栖息地监测工作。,RelatedTo,0.12,我需要无人机能够自主导航并根据预设的区域进行野生动植物保护和栖息地监测工作。
我希望无人机能够自主导航并根据预设的农田边界进行作物生长监测和病虫害防治工作。,RelatedTo,0.22,我希望无人机能够自主导航并根据预设的农田边界进行作物生长监测和病虫害防治工作。
我需要无人机能够自主导航并根据预设的区域进行地质灾害监测和预警工作。,RelatedTo,0.36,我需要无人机能够自主导航并根据预设的区域进行地质灾害监测和预警工作。
我希望无人机能够自主导航并根据预设的航线进行海洋气象观测和天气预报工作。,RelatedTo,0.01,我希望无人机能够自主导航并根据预设的航线进行海洋气象观测和天气预报工作。
我需要无人机能够自主导航并根据预设的巡检路线进行航空器的检修和维护工作。,RelatedTo,0.51,我需要无人机能够自主导航并根据预设的巡检路线进行航空器的检修和维护工作。
我希望无人机能够自主导航并根据预设的区域进行野生动物保护和监测工作。,RelatedTo,0.08,我希望无人机能够自主导航并根据预设的区域进行野生动物保护和监测工作。
我需要无人机能够自主导航并根据预设的区域进行城市发展和用地规划的空中勘测和测量工作。,RelatedTo,0.65,我需要无人机能够自主导航并根据预设的区域进行城市发展和用地规划的空中勘测和测量工作。
我希望无人机能够自主导航并根据事故场景进行救援和灾害评估工作。,RelatedTo,0.35,我希望无人机能够自主导航并根据事故场景进行救援和灾害评估工作。
以便拍摄出清晰、震撼的航拍照片和视频,Specifies,0.94,我希望无人机能够稳定飞行，并具备高分辨率摄像功能
便在火灾现场进行空中侦查和监测火势的蔓延情况。,Specifies,0.02,我希望无人机具备快速起飞和灵活机动的能力
便进行精确的植保喷洒工作，帮助防治农田病虫害。,Specifies,0.98,我希望无人机能够高空飞行
帮助检测电线杆的损坏和缺陷，并及时进行维修。,Specifies,0.89,我需要无人机能够在复杂的电力线路中飞行
便实时监测交通拥堵情况，并及时采取交通疏导措施。,Specifies,0.6,我希望无人机能够高空飞行，并具备高清摄像功能
便在旅行中拍摄到壮丽的风景照片和视频。,Specifies,0.97,我希望无人机具备长飞行时间和稳定的飞行控制
帮助进行地质勘探和勘察矿藏资源的工作。,Specifies,0.09,我需要无人机具备高精度定位和悬停能力
便进行搜救行动，并及时发现被困人员的位置。,Specifies,0.61,我希望无人机能够在恶劣环境下飞行
帮助检测建筑物外墙的损坏和结构安全性。,Specifies,0.12,我需要无人机具备高空飞行和高分辨率摄像功能
便绘制出准确的地形地貌图和测量数据。,Specifies,0.68,我希望无人机能够进行精确的测量和制图工作
帮助监测并预警地震、洪水等自然灾害的发生。,Specifies,0.34,我需要无人机能够快速起飞和高空巡航
便实时报道重大新闻事件和现场情况。,Specifies,0.73,我希望无人机能够高空飞行，并搭载实时直播摄像功能
帮助进行地质构造的勘探和研究工作。,Specifies,0.03,我需要无人机具备远程控制和自主飞行能力
便收集和分析环境污染物的数据。,Specifies,0.67,我希望无人机能够高空飞行并具备空气采样功能
帮助检测农田的作物生长情况和病虫害情况。,Specifies,0.31,我需要无人机能够低空飞行并具备热成像摄像功能
帮助调查海洋生态系统和海底地貌。,Specifies,0.74,我希望无人机能够在海面上飞行，并具备水下摄像功能
帮助收集和分析气象数据，提供准确的天气预报信息。,Specifies,0.27,我需要无人机能够高空飞行并具备气象传感器
帮助生成精确的城市地理信息和规划模型。,Specifies,0.65,我希望无人机能够高空飞行并具备三维建模功能
便在海面上进行搜索和救援行动，并快速定位被困人员的位置。,Specifies,0.75,我需要无人机具备远程控制和自主飞行能力
帮助监测森林火灾的风险和蔓延情况。,Specifies,0.92,我希望无人机能够飞越茂密的树冠，并具备红外线摄像功能
便进行飞行器的性能测试和飞行控制系统的优化。,Specifies,0.68,我需要无人机具备高度保持和稳定飞行的能力
帮助观测和研究海洋生物。,Specifies,0.74,我希望无人机能够在海洋上空飞行，并具备高清摄像和声纳探测功能
便收集污染物的样本进行分析。,Specifies,0.21,我需要无人机能够在污染区域飞行，并搭载空气采样器
辅助规划设计工作。,Specifies,0.73,我需要无人机能够进行空中摄影测量，并生成城市地貌和建筑物的高精度三维模型
提高安全监控的效果和范围。,Specifies,0.98,我希望无人机能够巡航并监控重要场所，具备夜视摄像功能
帮助实施精准农业管理。,Specifies,0.33,我需要无人机能够低空飞行，并具备作物识别和成长监测功能
帮助检测电力设备的异常和隐患。,Specifies,0.99,我希望无人机能够飞越高压输电线路，并搭载红外热成像仪
帮助监测和应对海上油污事件。,Specifies,0.21,我需要无人机能够在海上飞行，并具备油污检测功能
帮助研究和预测风暴的发展和路径。,Specifies,0.22,我希望无人机能够在风暴中飞行，并搭载风速测量仪器
加强对海上安全的监控和巡逻。,Specifies,0.96,我需要无人机能够在海面上飞行，并具备船舶识别和监测功能
帮助快速评估地震损害情况。,Specifies,0.42,我希望无人机能够在地震灾区飞行，并具备地震监测传感器
帮助及早发现和控制森林火灾。,Specifies,0.68,我需要无人机能够飞越茂密的森林，并具备火点探测功能
辅助城市巡逻和犯罪侦查工作。,Specifies,0.69,我希望无人机能够在城市中飞行，并具备高清摄像功能
帮助监测和管理渔业资源。,Specifies,0.6,我需要无人机能够在海面上飞行，并搭载鱼群探测仪器
辅助环境保护工作。,Specifies,0.81,我希望无人机能够在污染区域飞行，并具备空气采样和污染源定位功能
帮助监测和保护野生动物。,Specifies,0.07,我需要无人机能够在野生动物栖息地飞行，并搭载红外热成像仪
便进行农作物的生长状况和营养需求分析。,Specifies,0.17,我希望无人机能够进行农田植被测量，并搭载多光谱传感器
帮助监测水体质量和水生态系统的健康状况。,Specifies,0.24,我需要无人机能够在水域上飞行，并具备水质监测仪器
帮助监测生态系统的变化和演化。,Specifies,0.11,我需要无人机能够在复杂的自然环境中飞行，并具备多光谱成像功能
帮助研究和管理海洋渔业资源。,Specifies,0.41,我希望无人机能够在海上飞行，并搭载渔群探测仪器
帮助监测和预警洪水灾害。,Specifies,0.04,我需要无人机能够在洪水区域飞行，并具备红外热成像功能
帮助勘探和研究地下资源。,Specifies,0.85,我希望无人机能够在复杂地形中飞行，并搭载地质雷达
帮助评估道路拥堵和优化交通规划。,Specifies,0.88,我需要无人机能够在城市道路上飞行，并具备交通流量监测功能
帮助及早控制森林火灾。,Specifies,0.74,我希望无人机能够在森林中飞行，并具备火点探测功能和高压水枪
帮助生成精确的建筑物模型和测量数据。,Specifies,0.36,我需要无人机能够进行建筑物测量，并搭载激光测距仪
帮助生成精确的建筑物模型和测量数据。,Specifies,0.89,我希望无人机能够进行建筑物测量，并搭载激光扫描仪
帮助预警和救援工作。,Specifies,0.98,我希望无人机能够在灾害区域飞行，并具备地质雷达和热成像摄像功能
帮助监测和保护海洋生态系统的健康状况。,Specifies,0.51,我需要无人机能够在海上飞行，并搭载水下摄像功能
帮助设计和评估城市景观项目。,Specifies,0.02,我希望无人机能够进行空中摄影测量，并搭载高分辨率摄像功能
帮助监测和评估环境污染的程度。,Specifies,0.7,我需要无人机能够在污染源周围飞行，并搭载气体传感器
帮助生成精确的地图和地理数据。,Specifies,0.83,我希望无人机能够进行地形测量，并搭载全球定位系统
帮助评估农作物的损失和赔偿。,Specifies,0.14,我需要无人机能够低空飞行，并具备高分辨率摄像功能
帮助收集海洋气象数据和预测海洋天气变化。,Specifies,0.27,我希望无人机能够在海面上飞行，并搭载气象传感器
帮助监控港口安全和识别可疑活动。,Specifies,0.75,我需要无人机能够在港口区域飞行，并具备高清摄像功能
帮助检测电力设备的故障和热点。,Specifies,0.15,我希望无人机能够飞越高压输电线路，并搭载红外热成像仪
帮助监测和保护野生动物种群。,Specifies,0.29,我需要无人机能够在野生动物栖息地飞行，并具备红外热成像功能
帮助生成详细的城市地图和规划模型。,Specifies,0.08,我希望无人机能够进行空中测绘，并搭载高分辨率摄像功能
帮助搜索和救援被困人员。,Specifies,0.95,我需要无人机能够在灾区飞行，并具备红外热成像功能
帮助收集和分析环境中的气体和颗粒物。,Specifies,0.89,我希望无人机能够在复杂的环境中飞行，并具备空气采样功能
帮助监测交通流量和优化交通信号控制。,Specifies,0.48,我需要无人机能够在道路上空飞行，并具备交通监测功能
帮助观测和研究海洋生物及其栖息地。,Specifies,0.85,我希望无人机能够在海上飞行，并搭载水下摄像功能
辅助城市安全监控和事件应对。,Specifies,0.69,我需要无人机能够在城市区域飞行，并具备高清摄像功能
帮助实施精准农业和合理施肥。,Specifies,0.59,我希望无人机能够进行植物生长监测，并搭载多光谱传感器
帮助检测电力设备的异常和故障。,Specifies,0.52,我需要无人机能够在高压输电线路上飞行，并具备红外热成像功能
帮助检测电力设备的异常和故障。,Specifies,0.25,我需要无人机能够搭载红外热成像仪和电力检测设备，具备较大的载荷能力
帮助收集海洋气象数据和研究气候变化。,Specifies,0.52,我希望无人机能够在海面上飞行，并搭载气象传感器
帮助监控船舶交通和维护港口安全。,Specifies,0.72,我需要无人机能够在港口区域飞行，并具备船舶识别功能
帮助监控船舶交通和维护港口安全。,Specifies,0.31,我希望能够远程遥控无人机的飞行和船舶监测功能
帮助监测和评估环境污染的程度和来源。,Specifies,0.93,我希望无人机能够在污染源周围飞行，并搭载空气采样器
帮助监测和保护水体的质量和生态系统。,Specifies,0.15,我需要无人机能够在水域上飞行，并具备水质监测仪器
拍摄出精美的航拍照片和视频。,Specifies,0.05,我希望无人机能够进行高空摄影，并具备稳定飞行和高分辨率摄像功能
拍摄出精美的航拍照片和视频。,Specifies,0.03,我需要能够远程遥控无人机的飞行和摄影功能
帮助监测和保护野生动物物种。,Specifies,0.35,我需要无人机能够在野生动物栖息地飞行，并搭载红外热成像功能
便快速、高效地运送重量较大的物品和货物。,Specifies,0.31,我需要无人机具备较大的载荷能力
便进行农田的精准喷洒农药和肥料。,Specifies,0.03,我希望无人机能够搭载喷洒设备，具备足够的载荷能力
搭载科学仪器和设备，帮助进行野生动物的研究和监测工作。,Specifies,0.49,我需要无人机具备足够的载荷能力
便在灾害和紧急情况下进行救援和物资投送。,Specifies,0.28,我希望无人机能够搭载救生设备和物资，具备较大的载荷能力
帮助在高处进行建筑施工和维修。,Specifies,0.32,我需要无人机能够搭载建筑材料和工具，具备足够的载荷能力
便拍摄高质量的航拍照片和影片。,Specifies,0.41,我希望无人机能够搭载专业摄影设备，具备足够的载荷能力
帮助进行地质勘探和研究工作。,Specifies,0.13,我需要无人机能够搭载地质勘探设备，具备足够的载荷能力
帮助进行海洋科学研究和监测。,Specifies,0.45,我希望无人机能够搭载海洋观测设备和探测器，具备较大的载荷能力
帮助进行电力设备的安装和维护工作。,Specifies,0.14,我需要无人机能够搭载电力设备和工具，具备足够的载荷能力
帮助监测环境污染和采集环境数据。,Specifies,0.99,我希望无人机能够搭载环境监测设备，具备足够的载荷能力
搭载侦察设备和通信设备，帮助进行军事侦察和通信任务。,Specifies,0.41,我需要无人机具备较大的载荷能力
便在火灾现场进行灭火和救援工作。,Specifies,0.01,我希望无人机能够搭载灭火设备和救生器材，具备足够的载荷能力
帮助进行农田的数据采集和分析。,Specifies,0.24,我需要无人机能够搭载农业传感器和采样设备，具备较大的载荷能力
帮助进行采矿作业和资源勘探。,Specifies,0.09,我希望无人机能够搭载采矿设备和工具，具备足够的载荷能力
搭载航道标志设备和测量设备，帮助进行航道维护和测量工作。,Specifies,0.99,我需要无人机具备较大的载荷能力
帮助进行农田的精确灌溉和水资源管理。,Specifies,0.48,我希望无人机能够搭载灌溉设备和传感器，具备足够的载荷能力
帮助进行地质灾害的监测和预警工作。,Specifies,0,我需要无人机能够搭载地震勘测设备和传感器，具备足够的载荷能力
帮助进行海洋资源调查和研究。,Specifies,0.92,我希望无人机能够搭载海洋生物采样设备和海洋底质采集器，具备较大的载荷能力
搭载城市监控设备和传感器，帮助进行城市安全监测和管理工作。,Specifies,0.35,我需要无人机具备较大的载荷能力
帮助进行建筑设计和结构分析工作。,Specifies,0.91,我希望无人机能够搭载建筑结构模拟器和测量设备，具备足够的载荷能力
帮助监测和评估环境污染情况。,Specifies,0.99,我希望无人机能够搭载空气质量监测仪器和噪音检测设备，具备足够的载荷能力
帮助进行海洋工程勘测和建设工作。,Specifies,0.5,我需要无人机能够搭载海洋观测设备和海底探测器，具备较大的载荷能力
便准确地找到目的地并完成货物的送达任务。,Specifies,0.3,我希望无人机具备自主导航能力
帮助生成精确的地图和地形数据。,Specifies,0.64,我需要无人机能够自主导航并按照预定路径完成航拍任务
拍摄旅行途中的美景照片和视频。,Specifies,0.84,我希望无人机能够根据预设的导航点自主飞行
监测交通流量和道路状况。,Specifies,0.34,我需要无人机能够自主导航并按照预设的路径巡航
辅助进行地质勘探和资源调查。,Specifies,0.82,我需要无人机能够根据预设的勘探路径自主导航
辅助进行地质勘探和资源调查。,Specifies,0.95,我需要能够远程遥控无人机的飞行和勘探功能
帮助进行建筑工地的监督和安全检查。,Specifies,0.1,我需要无人机能够自主导航并按照预设的巡检路线飞行
进行故障排查和维修工作。,Specifies,0.63,我希望无人机能够自主导航并按照预设的路径巡检输电线路和设备
实现农田的精准灌溉和水资源的合理利用。,Specifies,0.62,我需要无人机能够根据预设的农田边界和灌溉需求自主飞行
提高救援效率和准确性。,Specifies,0.56,我希望无人机能够自主导航并根据事故区域进行搜索和救援任务
帮助检测电力设备的状态和安全隐患。,Specifies,0.28,我希望无人机能够自主导航并按照预设的巡检路线飞行
帮助保护环境和人民健康。,Specifies,0.93,我需要无人机能够自主导航并根据预设的区域进行空气质量和污染物监测
辅助城市景观规划和设计工作。,Specifies,0.97,我希望无人机能够自主导航并根据预设的路径进行航拍和摄影
帮助合理利用和保护水资源。,Specifies,0.71,我需要无人机能够自主导航并根据预设的区域进行水质监测和水资源调查
US145,Defines,0.84,提高救援效率和准确性。
US146,Defines,0.44,便拍摄出更好的航拍照片和影片。
US147,Defines,0.76,捕捉到精彩的运动瞬间。
US148,Defines,0.89,便观测和研究植物的生长和变化过程。
US149,Defines,0.57,便对建筑物进行安全检查和评估。
US150,Defines,0.12,辅助进行地质勘探和资源调查。
US151,Defines,0.14,便对电力设备进行巡检和维护。
US152,Defines,0.61,便在灾害和紧急情况下进行救援任务。
US153,Defines,0.33,便进行农田的精确喷洒和农作物管理。
US154,Defines,0.15,便在建筑施工现场进行材料的运输和投放。
US155,Defines,0.83,便进行军事侦察和目标监测。
US156,Defines,0.53,拍摄出精美的航拍照片和视频。
US157,Defines,0.97,及时获取灾害信息并预警。
US158,Defines,0.99,帮助研究海洋生物和生态系统。
US159,Defines,0.69,帮助城市安全监控和事件应对。
US160,Defines,0.26,帮助进行农田的生长监测和病虫害防治。
US161,Defines,0.85,便检测电力设备的运行状况和安全隐患。
US162,Defines,0.41,帮助研究海洋气候变化和天气预报。
US163,Defines,0.31,帮助监控船舶交通和维护港口安全。
US164,Defines,0.46,帮助监测环境污染和资源破坏。
US165,Defines,0.37,帮助监测和保护水体的质量和供水安全。
US166,Defines,0.35,便进行航空器的检修和维护工作。
US167,Defines,0.09,帮助保护野生动物物种和栖息地。
US168,Defines,0.95,辅助进行建筑设计和结构分析工作。
US169,Defines,0.67,帮助监察环境污染和违法行为。
US170,Defines,0.26,帮助研究海洋生态系统和资源评估。
US171,Defines,0.84,帮助进行城市规划和土地利用分析。
US172,Defines,0.14,便实时获取火情信息和指导灭火工作。
US173,Defines,0.93,帮助实现农田的精确灌溉和水资源管理。
US174,Defines,0.07,辅助进行地质灾害的监测和预警工作。
US175,Defines,0.01,帮助保护海洋生态环境和物种多样性。
US176,Defines,0.81,帮助优化交通流量和指导交通管理工作。
US177,Defines,0.45,帮助检测和维修电力设备。
US178,Defines,0.95,帮助评估渔业资源和保护海洋生态系统。
US179,Defines,0.09,辅助巡逻和犯罪预防工作。
US180,Defines,0.85,帮助监测环境污染和资源破坏。
US181,Defines,0.59,帮助监测和保护水体的质量和供水安全。
US182,Defines,0.29,便进行航空器的检修和维护工作。
US183,Defines,0.6,帮助保护野生动物物种和栖息地。
US184,Defines,0.89,辅助进行建筑设计和结构分析工作。
US185,Defines,0.1,帮助监察环境污染和违法行为。
US186,Defines,0.7,帮助研究海洋生态系统和资源评估。
US187,Defines,0.16,帮助进行城市规划和土地利用分析。
US188,Defines,0.82,便实时获取火情信息和指导灭火工作。
US189,Defines,0.97,帮助实现农田的精确灌溉和水资源管理。
US190,Defines,0.61,辅助进行地质灾害的监测和预警工作。
US191,Defines,0.82,帮助保护海洋生态环境和物种多样性。
US192,Defines,0.08,帮助优化交通流量和指导交通管理工作。
US193,Defines,0.22,帮助检测和维修电力设备。
US194,Defines,0.66,帮助评估渔业资源和保护海洋生态系统。
US195,Defines,0.1,辅助巡逻和犯罪预防工作。
US196,Defines,0.26,帮助监测环境污染和资源破坏。
US197,Defines,0.95,帮助监测和保护水体的质量和供水安全。
US198,Defines,0.6,便进行航空器的检修和维护工作。
US199,Defines,0.47,帮助保护野生动物物种和栖息地。
US200,Defines,0.2,辅助进行建筑设计和结构分析工作。
US201,Defines,0.58,帮助监察环境污染和违法行为。
US202,Defines,0.9,拍摄壮丽的自然风景和城市风貌。
US203,Defines,0.79,便在突发事件和新闻现场获取准确的图像和视频报道。
US204,Defines,0.49,拍摄出具有电影质感的空中镜头。
US205,Defines,0.56,捕捉到比赛中的精彩瞬间。
US206,Defines,0.64,展示房产的独特视角和周边环境。
US209,Defines,0.91,展现大自然的美丽与奇观。
US214,Defines,0.45,展示景观设计的整体效果和空间布局。
US216,Defines,0.95,辅助解说和赛事报道。
US218,Defines,0.35,支持地理研究和教学。
US219,Defines,0.22,研究植物的生长过程。
US221,Defines,0.36,呈现自然环境的演变和保护问题。
US222,Defines,0.56,辅助规划决策和评估。
US223,Defines,0.98,帮助农业研究和农作物管理。
US224,Defines,0.14,展示大自然的壮丽景色。
US226,Defines,0.09,保留历史和传统文化的影像资料。
US227,Defines,0.18,便在水下环境中拍摄清晰、生动的影像作品。
US228,Defines,0.3,展示人工景观设计的独特创意和效果。
US229,Defines,0.83,辅助考古调查和文物保护工作。
US230,Defines,0.6,便进行训练评估和改进。
US231,Defines,0.24,辅助科普教育和科学传播。
US232,Defines,0.5,研究冰川的演化和影响。
US236,Defines,0.63,便对农田进行全面巡查和监测。
US237,Defines,0.81,便在灾害现场进行长时间的搜索和救援行动。
US238,Defines,0.76,提高电力设备的运行安全性。
US239,Defines,0.24,便能够拍摄更多的航拍照片和影片。
US240,Defines,0.15,便获取更全面的城市数据和图像信息。
US241,Defines,0.73,便能够持续监测和记录环境污染情况。
US242,Defines,0.22,确保施工安全和质量。
US243,Defines,0.17,便能够完成更多的配送任务并提高效率。
US245,Defines,0.75,便能够持续监测和巡查森林火情，并及时采取措施进行灭火。
US246,Defines,0.82,确保航空安全。
US247,Defines,0.24,便能够进行长时间的海上巡逻和边境监测工作。
US248,Defines,0.92,确保在火场中安全地进行监测和救援任务。
US249,Defines,0.43,便在监控和安保工作中提供更准确的图像和视频资料。
US250,Defines,0.05,在复杂的搜救环境中提供更好的视觉辅助。
US251,Defines,0.55,确保在边境巡逻任务中避免碰撞和意外事件。
US252,Defines,0.26,应对突发情况并保证飞行安全。
US253,Defines,0.79,确保在禁飞区域或危险区域的安全飞行。
US254,Defines,0.58,在恶劣的环境条件下仍能保持正常运行和飞行安全。
US255,Defines,0.18,保障通信安全和任务保密性。
US256,Defines,0.6,及时发现和报警危险物品运输和违规行为。
城市管理者,Proposes,0.38,我需要无人机能够自主导航并根据预设的区域进行城市设施和基础设施的巡检和维护工作。
城市管理者,Proposes,0.01,我希望能够远程遥控无人机的飞行和监控功能
水利工程师,Proposes,0.65,我希望无人机能够自主导航并根据预设的河流和水库进行水文测量和水资源管理工作。
电信工程师,Proposes,0.04,我需要无人机能够自主导航并根据预设的路径进行通信设备的巡检和信号覆盖评估工作。
航拍摄影师,Proposes,0.39,我希望能够远程遥控无人机的飞行和摄像功能
航拍摄影师,Proposes,0.22,我需要无人机具备较长的续航能力
航拍摄影师,Proposes,0.24,我需要无人机的相机稳定器和云台系统具备高度可靠性
运动摄影师,Proposes,0.96,我希望能够远程遥控无人机的飞行和拍摄功能
植物学家,Proposes,0.15,我希望能够远程遥控无人机的飞行和摄像功能
植物学家,Proposes,0.95,我需要无人机能够拍摄植物生长和变化的时间-lapse影像
建筑检查员,Proposes,0.13,我希望能够远程遥控无人机的飞行和拍摄功能
地质灾害监测员,Proposes,0,我希望能够远程遥控无人机的飞行和地质灾害监测功能
旅行摄影师,Proposes,0.92,我希望无人机具有高清摄像功能
电影制片人,Proposes,0.01,我希望无人机能够稳定飞行并搭载专业摄像设备
体育赛事摄影师,Proposes,0.38,我需要无人机具备高速追踪和拍摄功能
房地产经纪人,Proposes,0.64,我希望无人机能够拍摄高清航拍视频
婚礼摄影师,Proposes,0.03,我需要无人机能够拍摄浪漫而唯美的婚礼航拍影片，为新人留下难忘回忆。
广告制作人,Proposes,0.78,我希望无人机能够拍摄独特的空中广告短片，吸引观众的注意力并传达产品的特点。
自然纪录片摄影师,Proposes,0.24,我需要无人机能够拍摄野生动物和自然景观的高清影像
建筑摄影师,Proposes,0.45,我希望无人机能够拍摄建筑物的空中俯瞰照片，展示建筑的规模和设计风格。
旅游博主,Proposes,0.72,我希望无人机能够拍摄精美的旅行影片，分享独特的旅游体验和景点风景。
旅游博主,Proposes,0.13,我希望无人机能够拍摄绚丽的夜景照片和影片，展示城市的夜间魅力和灯光效果。
极限运动摄影师,Proposes,0.85,我需要无人机能够跟随和拍摄运动选手的精彩动作，记录下极限运动的刺激瞬间。
景观设计师,Proposes,0.07,我希望无人机能够拍摄航拍视频
科学研究人员,Proposes,0.65,我需要无人机能够搭载专业摄像设备，拍摄出科学实验和研究场景的细节影像。
科学研究人员,Proposes,0.95,我希望无人机的仪器和实验设备具备高可靠性
运动赛事解说员,Proposes,0.3,我希望无人机能够拍摄比赛过程和选手表现的实时视频
艺术家,Proposes,0.95,我需要无人机能够拍摄创意艺术作品的空中视角，为艺术作品增添独特的艺术表现形式。
地理学研究者,Proposes,0.43,我希望无人机能够拍摄地貌变化和自然地理现象的摄像影像
音乐制作人,Proposes,0.98,我希望无人机能够拍摄具有音乐背景的空中音乐视频
环境纪录片摄影师,Proposes,0.51,我需要无人机能够拍摄环境变化和生态系统的高清视频
风景摄影师,Proposes,0.71,我希望无人机能够拍摄风景和自然环境的宽广视野
动物摄影师,Proposes,0.1,我需要无人机能够拍摄野生动物的高清影像，捕捉动物的自然行为和独特瞬间。
历史文化记录者,Proposes,0.95,我希望无人机能够拍摄古建筑和文化遗址的航拍照片和视频
水下摄影师,Proposes,0.51,我希望无人机能够搭载水下摄像设备
人造景观设计师,Proposes,0.04,我需要无人机能够拍摄航拍视频
考古学家,Proposes,0.99,我希望无人机能够拍摄考古遗址的航拍照片和视频
运动教练,Proposes,0.92,我需要无人机能够拍摄运动员训练过程的实时视频
科普作家,Proposes,0.9,我希望无人机能够拍摄科学实验和科学现象的摄像影像
冰川学研究者,Proposes,0.37,我需要无人机能够拍摄冰川变化和冰川景观的航拍影像
冰川学研究者,Proposes,0.57,我希望无人机的冰川探测和采集设备具备高可靠性
艺术摄影师,Proposes,0.33,我需要无人机能够搭载专业摄像设备，拍摄出独特的艺术摄影作品。
新媒体制作人,Proposes,0.77,我希望无人机能够拍摄引人注目的空中照片和视频，为新媒体内容增加视觉冲击力。
农田巡查员,Proposes,0.7,我希望无人机的续航能力能够持续飞行足够长的时间
自然灾害救援人员,Proposes,0.43,我需要无人机具备较长的续航能力
电力线路检修人员,Proposes,0.57,我希望无人机的续航能力能够支持长时间的线路巡检
建筑工地监理员,Proposes,0.65,我希望无人机的续航能力能够支持长时间的巡查和监控
建筑工地监理员,Proposes,0.27,我希望无人机的避障和自主导航系统具备高可靠性
野外科学考察人员,Proposes,0.43,我希望无人机的续航能力能够支持长时间的科学考察和数据采集工作。
航空交通管理员,Proposes,0.01,我希望无人机的续航能力能够支持长时间的空中巡视和交通监管
海上巡逻员,Proposes,0.45,我需要无人机具备较长的续航能力
搜救人员,Proposes,0.69,我希望无人机能够配备红外热成像和夜视功能
边境巡逻员,Proposes,0.74,我需要无人机具备自动避障和防撞功能
飞行员,Proposes,0.63,我希望无人机具备强大的飞行稳定性和自动返航功能
工地监理员,Proposes,0.67,我需要无人机具备飞行限制区域警示功能
我需要无人机能够自主导航并根据预设的线路进行电力设备的巡检和维护工作。,RelatedTo,0.94,我需要无人机能够自主导航并根据预设的线路进行电力设备的巡检和维护工作。
我希望无人机能够自主导航并根据预设的路径进行矿区勘测和资源调查工作。,RelatedTo,0.21,我希望无人机能够自主导航并根据预设的路径进行矿区勘测和资源调查工作。
便拍摄出更好的航拍照片和影片。,Specifies,0.26,我希望能够远程遥控无人机的飞行和摄像功能
捕捉到精彩的运动瞬间。,Specifies,0.39,我希望能够远程遥控无人机的飞行和拍摄功能
便观测和研究植物的生长和变化过程。,Specifies,0.1,我希望能够远程遥控无人机的飞行和摄像功能
便对建筑物进行安全检查和评估。,Specifies,0.27,我希望能够远程遥控无人机的飞行和拍摄功能
便对电力设备进行巡检和维护。,Specifies,0.14,我希望能够远程遥控无人机的飞行和检测功能
便在灾害和紧急情况下进行救援任务。,Specifies,0.18,我需要能够远程遥控无人机的飞行和携带救援设备的能力
便进行农田的精确喷洒和农作物管理。,Specifies,0.69,我希望能够远程遥控无人机的飞行和植物喷洒功能
便在建筑施工现场进行材料的运输和投放。,Specifies,0.53,我需要能够远程遥控无人机的飞行和建筑材料运输功能
便进行军事侦察和目标监测。,Specifies,0.33,我希望能够远程遥控无人机的飞行和侦察功能
及时获取灾害信息并预警。,Specifies,0.76,我希望能够远程遥控无人机的飞行和地质灾害监测功能
帮助研究海洋生物和生态系统。,Specifies,0.5,我需要能够远程遥控无人机的飞行和海洋观测功能
帮助城市安全监控和事件应对。,Specifies,0.19,我希望能够远程遥控无人机的飞行和监控功能
帮助进行农田的生长监测和病虫害防治。,Specifies,0.55,我需要能够远程遥控无人机的飞行和作物监测功能
便检测电力设备的运行状况和安全隐患。,Specifies,0.65,我希望能够远程遥控无人机的飞行和电力巡检功能
帮助研究海洋气候变化和天气预报。,Specifies,0.93,我需要能够远程遥控无人机的飞行和气象观测功能
帮助监测环境污染和资源破坏。,Specifies,0.08,我需要能够远程遥控无人机的飞行和环境监测功能
帮助监测环境污染和资源破坏。,Specifies,0.91,我希望能够远程遥控无人机的飞行和环境监测功能
帮助监测和保护水体的质量和供水安全。,Specifies,0.59,我希望能够远程遥控无人机的飞行和水质监测功能
帮助监测和保护水体的质量和供水安全。,Specifies,0.98,我需要能够远程遥控无人机的飞行和水质监测功能。
帮助监测和保护水体的质量和供水安全。,Specifies,0.33,我需要能够远程遥控无人机的飞行和水质监测功能
便进行航空器的检修和维护工作。,Specifies,0.35,我需要能够远程遥控无人机的飞行和航空器维修功能
便进行航空器的检修和维护工作。,Specifies,0.72,我希望能够远程遥控无人机的飞行和航空器维修功能
帮助保护野生动物物种和栖息地。,Specifies,0.57,我希望能够远程遥控无人机的飞行和野生动物监测功能
帮助保护野生动物物种和栖息地。,Specifies,0.74,我需要能够远程遥控无人机的飞行和野生动物监测功能
辅助进行建筑设计和结构分析工作。,Specifies,0.74,我需要能够远程遥控无人机的飞行和建筑结构测量功能
辅助进行建筑设计和结构分析工作。,Specifies,0.96,我希望能够远程遥控无人机的飞行和建筑结构测量功能
帮助监察环境污染和违法行为。,Specifies,0.55,我需要能够远程遥控无人机的飞行和环境监测功能
帮助研究海洋生态系统和资源评估。,Specifies,0.31,我希望能够远程遥控无人机的飞行和海洋生物采样功能
帮助进行城市规划和土地利用分析。,Specifies,0.25,我需要能够远程遥控无人机的飞行和城市规划勘测功能
便实时获取火情信息和指导灭火工作。,Specifies,0.64,我希望能够远程遥控无人机的飞行和火场监测功能
帮助实现农田的精确灌溉和水资源管理。,Specifies,0.59,我需要能够远程遥控无人机的飞行和灌溉调控功能
辅助进行地质灾害的监测和预警工作。,Specifies,0.78,我希望能够远程遥控无人机的飞行和地质勘测功能
帮助保护海洋生态环境和物种多样性。,Specifies,0.69,我需要能够远程遥控无人机的飞行和海洋生态监测功能
帮助优化交通流量和指导交通管理工作。,Specifies,0.11,我希望能够远程遥控无人机的飞行和交通监测功能
帮助检测和维修电力设备。,Specifies,0.02,我需要能够远程遥控无人机的飞行和电力设备检修功能
帮助评估渔业资源和保护海洋生态系统。,Specifies,0.99,我希望能够远程遥控无人机的飞行和渔业资源调查功能
辅助巡逻和犯罪预防工作。,Specifies,0.67,我需要能够远程遥控无人机的飞行和城市安全监控功能
拍摄壮丽的自然风景和城市风貌。,Specifies,0.67,我希望无人机具有高清摄像功能
便在突发事件和新闻现场获取准确的图像和视频报道。,Specifies,0.83,我需要无人机具备实时摄像功能
拍摄出具有电影质感的空中镜头。,Specifies,0.09,我希望无人机能够稳定飞行并搭载专业摄像设备
捕捉到比赛中的精彩瞬间。,Specifies,0.3,我需要无人机具备高速追踪和拍摄功能
展示房产的独特视角和周边环境。,Specifies,0.86,我希望无人机能够拍摄高清航拍视频
展现大自然的美丽与奇观。,Specifies,0.15,我需要无人机能够拍摄野生动物和自然景观的高清影像
展示景观设计的整体效果和空间布局。,Specifies,0.33,我希望无人机能够拍摄航拍视频
辅助解说和赛事报道。,Specifies,0.72,我希望无人机能够拍摄比赛过程和选手表现的实时视频
支持地理研究和教学。,Specifies,0.7,我希望无人机能够拍摄地貌变化和自然地理现象的摄像影像
研究植物的生长过程。,Specifies,0.64,我需要无人机能够拍摄植物生长和变化的时间-lapse影像
呈现自然环境的演变和保护问题。,Specifies,0.88,我需要无人机能够拍摄环境变化和生态系统的高清视频
辅助规划决策和评估。,Specifies,0.96,我希望无人机能够拍摄城市规划和城市发展的航拍影像
帮助农业研究和农作物管理。,Specifies,0.34,我需要无人机能够拍摄农田和农作物的高清照片
展示大自然的壮丽景色。,Specifies,0.85,我希望无人机能够拍摄风景和自然环境的宽广视野
保留历史和传统文化的影像资料。,Specifies,0.89,我希望无人机能够拍摄古建筑和文化遗址的航拍照片和视频
便在水下环境中拍摄清晰、生动的影像作品。,Specifies,0.99,我希望无人机能够搭载水下摄像设备
展示人工景观设计的独特创意和效果。,Specifies,0.33,我需要无人机能够拍摄航拍视频
辅助考古调查和文物保护工作。,Specifies,0.51,我希望无人机能够拍摄考古遗址的航拍照片和视频
便进行训练评估和改进。,Specifies,0.49,我需要无人机能够拍摄运动员训练过程的实时视频
辅助科普教育和科学传播。,Specifies,0.43,我希望无人机能够拍摄科学实验和科学现象的摄像影像
研究冰川的演化和影响。,Specifies,0.61,我需要无人机能够拍摄冰川变化和冰川景观的航拍影像
便对农田进行全面巡查和监测。,Specifies,0.78,我希望无人机的续航能力能够持续飞行足够长的时间
便在灾害现场进行长时间的搜索和救援行动。,Specifies,0.77,我需要无人机具备较长的续航能力
提高电力设备的运行安全性。,Specifies,0,我希望无人机的续航能力能够支持长时间的线路巡检
便能够拍摄更多的航拍照片和影片。,Specifies,0.07,我需要无人机具备较长的续航能力
便获取更全面的城市数据和图像信息。,Specifies,0.92,我希望无人机的续航能力能够支持长时间的航拍勘测
便能够持续监测和记录环境污染情况。,Specifies,0.86,我需要无人机具备较长的续航能力
确保施工安全和质量。,Specifies,0.81,我希望无人机的续航能力能够支持长时间的巡查和监控
便能够完成更多的配送任务并提高效率。,Specifies,0.2,我需要无人机具备较长的续航能力
便能够持续监测和巡查森林火情，并及时采取措施进行灭火。,Specifies,0.02,我需要无人机具备较长的续航能力
确保航空安全。,Specifies,0.04,我希望无人机的续航能力能够支持长时间的空中巡视和交通监管
便能够进行长时间的海上巡逻和边境监测工作。,Specifies,0.35,我需要无人机具备较长的续航能力
确保在火场中安全地进行监测和救援任务。,Specifies,0.65,我希望无人机具备高度稳定的飞行控制系统
便在监控和安保工作中提供更准确的图像和视频资料。,Specifies,0.2,我需要无人机配备高清摄像设备和实时传输功能
在复杂的搜救环境中提供更好的视觉辅助。,Specifies,0.78,我希望无人机能够配备红外热成像和夜视功能
确保在边境巡逻任务中避免碰撞和意外事件。,Specifies,0.45,我需要无人机具备自动避障和防撞功能
应对突发情况并保证飞行安全。,Specifies,0.62,我希望无人机具备强大的飞行稳定性和自动返航功能
确保在禁飞区域或危险区域的安全飞行。,Specifies,0.96,我需要无人机具备飞行限制区域警示功能
在恶劣的环境条件下仍能保持正常运行和飞行安全。,Specifies,0.91,我希望无人机具备防水和防尘性能
保障通信安全和任务保密性。,Specifies,0.18,我需要无人机具备加密和抗干扰的通信系统
及时发现和报警危险物品运输和违规行为。,Specifies,0.03,我希望无人机具备危险物品识别和警示功能
US257,Defines,0.26,便在高楼火灾等特殊情况下能够及时投放救援装备和物资。
US258,Defines,0.2,确保无人机在农田作业中的持续可靠运行。
US259,Defines,0.55,确保拍摄到稳定、清晰的航拍影像。
US260,Defines,0.38,保证无人机在各种工作条件下的稳定飞行。
US261,Defines,0.24,保证任务信息的准确传输和保密性。
US262,Defines,0.64,确保在紧急救援任务中能够准确投放装备和物资。
US263,Defines,0.18,保证准确、稳定地获取环境数据和监测结果。
US264,Defines,0.17,确保及时发现电力设备故障和隐患。
US265,Defines,0.29,减少维修和更换的频率和成本。
US266,Defines,0.62,保证科学实验的准确性和稳定性。
US267,Defines,0.36,确保准确导航和定位巡逻路线和目标。
US268,Defines,0.03,在恶劣的冰川环境中获取准确的数据和样本。
US269,Defines,0.76,进行准确的渔业资源调查和评估。
US270,Defines,0.8,获取精确的城市数据和地理信息。
US271,Defines,0.17,在灾害监测中提供准确的气象数据和风场信息。
US272,Defines,0.47,确保在建筑工地中的安全飞行和巡查。
US273,Defines,0.85,提高农田管理和农作物产量。
US274,Defines,0.89,确保准确探测和评估矿产资源。
US275,Defines,0.43,进行有效的野生动物保护和监测工作。
US276,Defines,0.27,提前发现和预警地质灾害风险。
US277,Defines,0.69,进行准确的海洋资源评估和保护。
US278,Defines,0.32,确保准确采集和监测环境污染数据。
工程师,Proposes,0.16,我希望无人机的电机和驱动系统具备高可靠性和耐久性
航空器维护人员,Proposes,0.29,我需要无人机的结构和机械部件具备高可靠性和耐用性
交通巡逻员,Proposes,0.3,我需要无人机的导航和定位系统具备高度可靠性
渔业资源调查员,Proposes,0.39,我需要无人机的水下声纳和测量设备具备高可靠性
灾害监测员,Proposes,0.21,我需要无人机的气象监测和风场探测设备具备高可靠性
矿产勘探员,Proposes,0.06,我希望无人机的地质探测和矿产勘查设备具备高可靠性
海洋资源调查员,Proposes,0.6,我需要无人机的海洋生态监测和水下摄像设备具备高可靠性
便在高楼火灾等特殊情况下能够及时投放救援装备和物资。,Specifies,0.15,我需要无人机配备紧急救援设备投放系统
确保无人机在农田作业中的持续可靠运行。,Specifies,0.56,我希望无人机的电池寿命能够长久并具备可靠的充电和更换系统
确保拍摄到稳定、清晰的航拍影像。,Specifies,0.32,我需要无人机的相机稳定器和云台系统具备高度可靠性
保证无人机在各种工作条件下的稳定飞行。,Specifies,0.6,我希望无人机的电机和驱动系统具备高可靠性和耐久性
保证任务信息的准确传输和保密性。,Specifies,0.58,我需要无人机的通信和数据链路系统具备高度可靠性和抗干扰能力
确保在紧急救援任务中能够准确投放装备和物资。,Specifies,0.32,我希望无人机的救援装备投放系统具备高可靠性和精准性
保证准确、稳定地获取环境数据和监测结果。,Specifies,0.45,我需要无人机的传感器和数据采集系统具备高可靠性
确保及时发现电力设备故障和隐患。,Specifies,0.85,我希望无人机的红外热成像和电力检测设备具备高可靠性
减少维修和更换的频率和成本。,Specifies,0.76,我需要无人机的结构和机械部件具备高可靠性和耐用性
保证科学实验的准确性和稳定性。,Specifies,0.94,我希望无人机的仪器和实验设备具备高可靠性
确保准确导航和定位巡逻路线和目标。,Specifies,0.24,我需要无人机的导航和定位系统具备高度可靠性
在恶劣的冰川环境中获取准确的数据和样本。,Specifies,0.63,我希望无人机的冰川探测和采集设备具备高可靠性
进行准确的渔业资源调查和评估。,Specifies,0.63,我需要无人机的水下声纳和测量设备具备高可靠性
获取精确的城市数据和地理信息。,Specifies,0.7,我希望无人机的遥感和测绘设备具备高可靠性
在灾害监测中提供准确的气象数据和风场信息。,Specifies,0.59,我需要无人机的气象监测和风场探测设备具备高可靠性
确保在建筑工地中的安全飞行和巡查。,Specifies,0.52,我希望无人机的避障和自主导航系统具备高可靠性
提高农田管理和农作物产量。,Specifies,0.79,我需要无人机的农作物监测和喷洒设备具备高可靠性
确保准确探测和评估矿产资源。,Specifies,0.03,我希望无人机的地质探测和矿产勘查设备具备高可靠性
进行有效的野生动物保护和监测工作。,Specifies,0.61,我需要无人机的动物跟踪和监测设备具备高可靠性
提前发现和预警地质灾害风险。,Specifies,0.73,我希望无人机的地质监测和预警设备具备高可靠性
进行准确的海洋资源评估和保护。,Specifies,0.42,我需要无人机的海洋生态监测和水下摄像设备具备高可靠性
确保准确采集和监测环境污染数据。,Specifies,0.32,我希望无人机的环境采样和监测设备具备高可靠性
飞行稳定性,Achieves,0.64,我希望无人机能够稳定飞行，并具备高分辨率摄像功能
飞行稳定性,Achieves,0.24,我希望无人机具备强大的飞行稳定性和自动返航功能
高分辨率摄像,Achieves,0.84,我希望无人机能够稳定飞行，并具备高分辨率摄像功能
高分辨率摄像,Achieves,0.97,我希望无人机能够进行空中摄影测量，并搭载高分辨率摄像功能
高分辨率摄像,Achieves,0.38,我需要无人机能够低空飞行，并具备高分辨率摄像功能
高分辨率摄像,Achieves,0.15,我希望无人机能够进行空中测绘，并搭载高分辨率摄像功能
高分辨率摄像,Achieves,0.97,我希望无人机能够进行高空摄影，并具备稳定飞行和高分辨率摄像功能
智能拍摄,Achieves,0.37,我希望无人机能够稳定飞行，并具备高分辨率摄像功能
飞行控制,Achieves,0.87,我希望无人机能够稳定飞行，并具备高分辨率摄像功能
环境适应性,Achieves,0.45,我希望无人机能够稳定飞行，并具备高分辨率摄像功能
快速起飞,Achieves,0.6,我希望无人机具备快速起飞和灵活机动的能力
灵活机动,Achieves,0.09,我希望无人机具备快速起飞和灵活机动的能力
高效推进系统,Achieves,0.71,我希望无人机具备快速起飞和灵活机动的能力
智能飞行控制,Achieves,0.86,我希望无人机具备快速起飞和灵活机动的能力
多轴旋翼设计,Achieves,0.78,我希望无人机具备快速起飞和灵活机动的能力
高清摄像,Achieves,0.59,我希望无人机能够在城市中飞行，并具备高清摄像功能
高清摄像,Achieves,0.73,我需要无人机能够在港口区域飞行，并具备高清摄像功能
稳定飞行,Achieves,0.87,我希望无人机能够进行高空摄影，并具备稳定飞行和高分辨率摄像功能
污染区域飞行,Achieves,0.67,我希望无人机能够在污染区域飞行，并具备空气采样和污染源定位功能
空气采样器,Achieves,0.23,我希望无人机能够在污染源周围飞行，并搭载空气采样器
空中摄影测量,Achieves,0.79,我希望无人机能够进行空中摄影测量，并搭载高分辨率摄像功能
低空飞行,Achieves,0.54,我需要无人机能够低空飞行，并具备高分辨率摄像功能
红外热成像仪,Achieves,0.52,我希望无人机能够飞越高压输电线路，并搭载红外热成像仪
海上飞行,Achieves,0.46,我希望无人机能够在海上飞行，并搭载渔群探测仪器
海上飞行,Achieves,0.82,我需要无人机能够在海上飞行，并搭载水下摄像功能
海上飞行,Achieves,0,我希望无人机能够在海上飞行，并搭载水下摄像功能
风暴飞行,Achieves,0.27,我希望无人机能够在风暴中飞行，并搭载风速测量仪器
风速测量,Achieves,0.8,我希望无人机能够在风暴中飞行，并搭载风速测量仪器
海面飞行,Achieves,0.06,我需要无人机能够在海面上飞行，并具备船舶识别和监测功能
海面飞行,Achieves,0.64,我需要无人机能够在海面上飞行，并搭载鱼群探测仪器
海面飞行,Achieves,0.89,我希望无人机能够在海面上飞行，并搭载气象传感器
船舶识别,Achieves,0.69,我需要无人机能够在海面上飞行，并具备船舶识别和监测功能
船舶监测,Achieves,0.06,我需要无人机能够在海面上飞行，并具备船舶识别和监测功能
地震灾区飞行,Achieves,0.55,我希望无人机能够在地震灾区飞行，并具备地震监测传感器
地震监测,Achieves,0.72,我希望无人机能够在地震灾区飞行，并具备地震监测传感器
森林飞越,Achieves,0.99,我需要无人机能够飞越茂密的森林，并具备火点探测功能
火点探测,Achieves,0.8,我需要无人机能够飞越茂密的森林，并具备火点探测功能
火点探测,Achieves,0.23,我希望无人机能够在森林中飞行，并具备火点探测功能和高压水枪
城市飞行,Achieves,0.88,我希望无人机能够在城市中飞行，并具备高清摄像功能
鱼群探测,Achieves,0.11,我需要无人机能够在海面上飞行，并搭载鱼群探测仪器
空气采样,Achieves,0.44,我希望无人机能够在污染区域飞行，并具备空气采样和污染源定位功能
污染源定位,Achieves,0.13,我希望无人机能够在污染区域飞行，并具备空气采样和污染源定位功能
野生动物栖息地飞行,Achieves,0.7,我需要无人机能够在野生动物栖息地飞行，并搭载红外热成像仪
野生动物栖息地飞行,Achieves,0.75,我需要无人机能够在野生动物栖息地飞行，并具备红外热成像功能
野生动物栖息地飞行,Achieves,0.8,我需要无人机能够在野生动物栖息地飞行，并搭载红外热成像功能
红外热成像,Achieves,0.18,我需要无人机能够在野生动物栖息地飞行，并搭载红外热成像仪
红外热成像,Achieves,0.94,我需要无人机能够在洪水区域飞行，并具备红外热成像功能
红外热成像,Achieves,0.11,我需要无人机能够在野生动物栖息地飞行，并具备红外热成像功能
红外热成像,Achieves,0.49,我需要无人机能够在灾区飞行，并具备红外热成像功能
红外热成像,Achieves,0.42,我需要无人机能够在野生动物栖息地飞行，并搭载红外热成像功能
红外热成像,Achieves,0.11,我希望无人机能够配备红外热成像和夜视功能
农田植被测量,Achieves,0.48,我希望无人机能够进行农田植被测量，并搭载多光谱传感器
多光谱传感器,Achieves,0.18,我希望无人机能够进行农田植被测量，并搭载多光谱传感器
多光谱传感器,Achieves,0.5,我希望无人机能够进行植物生长监测，并搭载多光谱传感器
水域飞行,Achieves,0.33,我需要无人机能够在水域上飞行，并具备水质监测仪器
水质监测,Achieves,0.54,我需要无人机能够在水域上飞行，并具备水质监测仪器
复杂环境飞行,Achieves,0.29,我需要无人机能够在复杂的自然环境中飞行，并具备多光谱成像功能
复杂环境飞行,Achieves,0.19,我希望无人机能够在复杂的环境中飞行，并具备空气采样功能
多光谱成像,Achieves,0.01,我需要无人机能够在复杂的自然环境中飞行，并具备多光谱成像功能
渔群探测,Achieves,0.2,我希望无人机能够在海上飞行，并搭载渔群探测仪器
洪水区域飞行,Achieves,0.39,我需要无人机能够在洪水区域飞行，并具备红外热成像功能
复杂地形飞行,Achieves,0.41,我希望无人机能够在复杂地形中飞行，并搭载地质雷达
地质雷达,Achieves,0.94,我希望无人机能够在复杂地形中飞行，并搭载地质雷达
地质雷达,Achieves,0.38,我希望无人机能够在灾害区域飞行，并具备地质雷达和热成像摄像功能
城市道路飞行,Achieves,0.44,我需要无人机能够在城市道路上飞行，并具备交通流量监测功能
交通流量监测,Achieves,0.9,我需要无人机能够在城市道路上飞行，并具备交通流量监测功能
森林飞行,Achieves,0.22,我希望无人机能够在森林中飞行，并具备火点探测功能和高压水枪
高压水枪,Achieves,0.8,我希望无人机能够在森林中飞行，并具备火点探测功能和高压水枪
建筑物测量,Achieves,0.33,我需要无人机能够进行建筑物测量，并搭载激光测距仪
建筑物测量,Achieves,0.57,我希望无人机能够进行建筑物测量，并搭载激光扫描仪
激光测距,Achieves,0.45,我需要无人机能够进行建筑物测量，并搭载激光测距仪
灾害区域飞行,Achieves,0.12,我希望无人机能够在灾害区域飞行，并具备地质雷达和热成像摄像功能
热成像摄像,Achieves,0.46,我希望无人机能够在灾害区域飞行，并具备地质雷达和热成像摄像功能
水下摄像,Achieves,0.14,我需要无人机能够在海上飞行，并搭载水下摄像功能
污染源飞行,Achieves,0.16,我需要无人机能够在污染源周围飞行，并搭载气体传感器
污染源飞行,Achieves,0.83,我希望无人机能够在污染源周围飞行，并搭载空气采样器
气体传感器,Achieves,0.29,我需要无人机能够在污染源周围飞行，并搭载气体传感器
地形测量,Achieves,0.48,我希望无人机能够进行地形测量，并搭载全球定位系统
全球定位系统,Achieves,0.27,我希望无人机能够进行地形测量，并搭载全球定位系统
气象传感器,Achieves,0.87,我希望无人机能够在海面上飞行，并搭载气象传感器
港口区域飞行,Achieves,0.61,我需要无人机能够在港口区域飞行，并具备高清摄像功能
港口区域飞行,Achieves,0.01,我需要无人机能够在港口区域飞行，并具备船舶识别功能
高压线路飞行,Achieves,0.01,我希望无人机能够飞越高压输电线路，并搭载红外热成像仪
空中测绘,Achieves,0.82,我希望无人机能够进行空中测绘，并搭载高分辨率摄像功能
灾区飞行,Achieves,0.22,我需要无人机能够在灾区飞行，并具备红外热成像功能
空气采样功能,Achieves,0.17,我希望无人机能够在复杂的环境中飞行，并具备空气采样功能
道路上空飞行,Achieves,0.37,我需要无人机能够在道路上空飞行，并具备交通监测功能
交通监测功能,Achieves,0.92,我需要无人机能够在道路上空飞行，并具备交通监测功能
水下摄像功能,Achieves,0,我希望无人机能够在海上飞行，并搭载水下摄像功能
城市区域飞行,Achieves,0.5,我需要无人机能够在城市区域飞行，并具备高清摄像功能
高清摄像功能,Achieves,0.01,我需要无人机能够在城市区域飞行，并具备高清摄像功能
植物生长监测,Achieves,0.72,我希望无人机能够进行植物生长监测，并搭载多光谱传感器
高压输电线路飞行,Achieves,0.48,我需要无人机能够在高压输电线路上飞行，并具备红外热成像功能
红外热成像功能,Achieves,0.13,我需要无人机能够在高压输电线路上飞行，并具备红外热成像功能
船舶识别功能,Achieves,0.91,我需要无人机能够在港口区域飞行，并具备船舶识别功能
水质监测仪器,Achieves,0.86,我需要无人机能够在水域上飞行，并具备水质监测仪器
高空摄影,Achieves,0.12,我希望无人机能够进行高空摄影，并具备稳定飞行和高分辨率摄像功能
激光扫描仪,Achieves,0.04,我希望无人机能够进行建筑物测量，并搭载激光扫描仪
大载荷能力,Achieves,0.49,我需要无人机具备较大的载荷能力
大载荷能力,Achieves,0.82,我希望无人机能够搭载救生设备和物资，具备较大的载荷能力
喷洒设备,Achieves,0.69,我希望无人机能够搭载喷洒设备，具备足够的载荷能力
足够的载荷能力,Achieves,0.91,我希望无人机能够搭载喷洒设备，具备足够的载荷能力
足够的载荷能力,Achieves,0.15,我需要无人机具备足够的载荷能力
足够的载荷能力,Achieves,0.03,我需要无人机能够搭载建筑材料和工具，具备足够的载荷能力
足够的载荷能力,Achieves,0.1,我希望无人机能够搭载专业摄影设备，具备足够的载荷能力
足够的载荷能力,Achieves,0.09,我需要无人机能够搭载地质勘探设备，具备足够的载荷能力
救生设备和物资,Achieves,0.52,我希望无人机能够搭载救生设备和物资，具备较大的载荷能力
建筑材料和工具,Achieves,0.63,我需要无人机能够搭载建筑材料和工具，具备足够的载荷能力
专业摄影设备,Achieves,0.65,我希望无人机能够搭载专业摄影设备，具备足够的载荷能力
地质勘探设备,Achieves,0.37,我需要无人机能够搭载地质勘探设备，具备足够的载荷能力
夜视功能,Achieves,0.65,我希望无人机能够配备红外热成像和夜视功能
自动避障,Achieves,0.67,我需要无人机具备自动避障和防撞功能
防撞功能,Achieves,0.38,我需要无人机具备自动避障和防撞功能
自动返航,Achieves,0.12,我希望无人机具备强大的飞行稳定性和自动返航功能
飞行限制区域警示,Achieves,0.73,我需要无人机具备飞行限制区域警示功能
防水性能,Achieves,0.03,我希望无人机具备防水和防尘性能
防尘性能,Achieves,0.63,我希望无人机具备防水和防尘性能
加密通信系统,Achieves,0.08,我需要无人机具备加密和抗干扰的通信系统
抗干扰通信,Achieves,0.59,我需要无人机具备加密和抗干扰的通信系统
危险物品识别,Achieves,0.8,我希望无人机具备危险物品识别和警示功能
警示功能,Achieves,0.72,我希望无人机具备危险物品识别和警示功能
紧急救援设备投放,Achieves,0.97,我需要无人机配备紧急救援设备投放系统
长久电池寿命,Achieves,0,我希望无人机的电池寿命能够长久并具备可靠的充电和更换系统
可靠充电系统,Achieves,0.9,我希望无人机的电池寿命能够长久并具备可靠的充电和更换系统
电池更换系统,Achieves,0.71,我希望无人机的电池寿命能够长久并具备可靠的充电和更换系统
相机稳定器,Achieves,0.48,我需要无人机的相机稳定器和云台系统具备高度可靠性
云台系统,Achieves,0.7,我需要无人机的相机稳定器和云台系统具备高度可靠性
高度可靠性,Achieves,0.4,我需要无人机的相机稳定器和云台系统具备高度可靠性
续航能力,Achieves,0.62,我希望无人机的续航能力能够持续飞行足够长的时间
较长续航,Achieves,0.5,我需要无人机具备较长的续航能力
长时间巡检,Achieves,0.58,我希望无人机的续航能力能够支持长时间的线路巡检
长时间航拍勘测,Achieves,0.16,我希望无人机的续航能力能够支持长时间的航拍勘测
长时间巡查监控,Achieves,0.22,我希望无人机的续航能力能够支持长时间的巡查和监控
陀螺仪技术,Supports,0.3,飞行稳定性
姿态控制算法,Supports,0.57,飞行稳定性
姿态控制算法,Supports,0.12,稳定飞行控制
减震结构设计,Supports,0.01,飞行稳定性
高像素传感器,Supports,0.18,高分辨率摄像
图像稳定算法,Supports,0.77,高分辨率摄像
高清镜头设计,Supports,0.86,高分辨率摄像
目标识别算法,Supports,0.87,智能拍摄
路径规划算法,Supports,0.51,智能拍摄
动态跟踪技术,Supports,0.77,智能拍摄
自动驾驶算法,Supports,0.34,飞行控制
飞行姿态控制,Supports,0.62,飞行控制
动力分配系统,Supports,0.38,飞行控制
防尘设计,Supports,0.31,环境适应性
耐高低温材料,Supports,0.58,环境适应性
抗风控制技术,Supports,0.79,环境适应性
高功率电机,Supports,0.92,快速起飞
轻量化设计,Supports,0.05,快速起飞
快速响应算法,Supports,0.87,快速起飞
多旋翼电机控制技术,Supports,0.34,灵活机动
高效能电机,Supports,0.8,灵活机动
高效能推进技术,Supports,0.76,高效推进系统
动力系统优化,Supports,0.24,高效推进系统
飞行路径规划算法,Supports,0.8,智能飞行控制
传感器融合技术,Supports,0.01,智能飞行控制
空气动力学优化,Supports,0.6,多轴旋翼设计
结构力学设计,Supports,0.26,多轴旋翼设计
高海拔推进系统,Supports,0.29,高空飞行
高效能电池,Supports,0.28,高空飞行
复杂环境导航算法,Supports,0.58,复杂线路飞行
精密惯性导航系统,Supports,0.6,复杂线路飞行
实时环境感知技术,Supports,1,避障能力
避障算法,Supports,0.89,避障能力
高分辨率图像传感器,Supports,0.87,高清摄像
视频压缩与传输技术,Supports,0.96,高清摄像
高能量密度电池,Supports,0.57,长续航
能量回收系统,Supports,0.43,长续航
抗风稳定系统,Supports,0.27,稳定飞行控制
高精度GPS模块,Supports,0.98,高精度定位
稳定飞控系统,Supports,0.66,悬停能力
耐高低温电池,Supports,0.64,耐高温低温
抗风雨外壳,Supports,0.51,抗风雨能力
高精度测量仪,Supports,0.4,精确测量
专业制图软件,Supports,0.43,制图功能
长续航动力系统,Supports,0.82,高空巡航
高清摄像头,Supports,0.4,实时直播摄像
低空避障传感器,Supports,0.45,飞越树冠
红外摄像头,Supports,0.72,红外线摄像
高精度气压计,Supports,0.11,高度保持
自稳飞控系统,Supports,0.15,稳定飞行
耐腐蚀材料,Supports,0.41,海洋上空飞行
声纳探测仪,Supports,0.69,声纳探测
污染防护外壳,Supports,0.56,污染区域飞行
空气采样模块,Supports,0.48,空气采样器
航拍摄影设备,Supports,0.13,空中摄影测量
三维建模算法,Supports,0.31,城市三维建模
实时监控系统,Supports,0.88,巡航监控
红外夜视技术,Supports,0.56,夜视摄像
高灵敏度摄像传感器,Supports,0.79,夜视摄像
低空避障系统,Supports,0.46,低空飞行
精准高度控制技术,Supports,0.42,低空飞行
图像处理算法,Supports,0.36,作物识别
多光谱成像技术,Supports,0.64,作物识别
农业遥感技术,Supports,0.31,成长监测
时序数据分析,Supports,0.35,成长监测
电磁抗干扰技术,Supports,0.06,飞越高压输电线路
远程精准导航,Supports,0.05,飞越高压输电线路
高分辨率热成像技术,Supports,0.31,红外热成像仪
实时数据传输,Supports,0.42,红外热成像仪
防风抗浪稳定系统,Supports,0.73,海上飞行
海域导航技术,Supports,0.59,海上飞行
夜视摄像设备,Composes,0.85,夜视摄像
低空飞行控制系统,Composes,0.9,低空飞行
作物识别模块,Composes,1,作物识别
成长监测传感器,Composes,0.13,成长监测
高压输电线路飞行模块,Composes,0.46,飞越高压输电线路
红外热成像仪模块,Composes,0.99,红外热成像仪
海上飞行系统,Composes,0.41,海上飞行
充电模块,Composes,0.02,可靠充电系统
电池更换模块,Composes,0.27,电池更换系统
相机支撑结构,Composes,0.05,相机稳定器
云台模块,Composes,0.96,云台系统
可靠性模块,Composes,0.75,高度可靠性
动力系统,Composes,0.55,续航能力
高能量密度电池,Composes,0.45,较长续航
智能巡检模块,Composes,0.34,长时间巡检
长时间航拍模块,Composes,0.61,长时间航拍勘测
巡查监控模块,Composes,0.35,长时间巡查监控
GPS模块,Composes,0.36,自动返航
飞行控制系统,Composes,0.83,飞行限制区域警示
防水外壳,Composes,0.32,防水性能
防尘密封件,Composes,0.86,防尘性能
加密通信模块,Composes,0.9,加密通信系统
抗干扰天线,Composes,0.89,抗干扰通信
危险物品检测模块,Composes,0.18,危险物品识别
警示灯,Composes,0.66,警示功能
设备投放系统,Composes,0.27,紧急救援设备投放
高性能电池,Composes,0.04,长久电池寿命
液体喷洒系统,Composes,0.23,喷洒设备
高强度承载结构,Composes,0.53,足够的载荷能力
救生模块,Composes,0.2,救生设备和物资
工具携带模块,Composes,0.77,建筑材料和工具
高清摄像模块,Composes,0.06,专业摄影设备
勘探传感器模块,Composes,0.31,地质勘探设备
夜视摄像模块,Composes,0.71,夜视功能
自动避障系统,Composes,0.59,自动避障
防撞模块,Composes,0.92,防撞功能
